Feature_1,Feature_2,Feature_3,Feature_4,Feature_5,Feature_6,Feature_7,Feature_8,Target,Sample_ID,Category
54.96714153011233,63.99355436586002,43.24821725025618,30.92192442122609,41.36506395035066,45.76240317977297,38.85918641766912,57.85185082310376,99.33949472560879,S0001,B
48.61735698828815,59.246336829127685,48.55481329284482,41.39614989220498,49.68796511060916,45.46585891616146,43.6906916626221,32.22319037629799,89.92699479248807,S0002,C
56.47688538100692,50.59630369920174,42.075800790000386,45.863944665783556,50.18016872044446,32.04356827369985,40.579398164257555,57.147456498889454,96.55250085092676,S0003,D
65.23029856408026,43.53063222294426,46.9203847036096,68.8768765734019,54.72630345843406,46.69909808298563,44.52004181258862,47.66275942148275,114.29463455035399,S0004,E
47.658466252766644,56.982233136135896,31.063853330462145,55.56553124533758,36.331416367191736,57.328290818217454,47.85849689288811,57.07457710864381,125.55713310061029,S0005,E
47.6586304305082,53.934853854217494,52.13293707372939,36.64518430900109,55.92567273847331,37.25767880923205,58.371544863313844,57.76931692354829,111.40974661727147,S0006,A
65.79212815507391,58.95193220027733,50.012054753622245,54.86036289417637,22.95608368397225,60.484826510505926,46.78840961294298,66.07915061119158,102.0344641694354,S0007,B
57.67434729152909,56.351718016819696,41.82911368931809,34.52696011061634,43.70115447636189,54.87774821084338,34.14374293230407,63.53453647621203,129.96023540608854,S0008,A
45.30525614065048,60.49552715319335,56.59245668432405,60.826910538870735,45.117261575484555,42.657666780289624,61.4006784649516,63.46571662610296,93.74327053896955,S0009,C
55.42560043585965,44.64764788439432,59.37570137626558,45.28875348182122,56.33326826071239,48.584703626621526,41.629098663849604,64.43670319166239,120.61838676733814,S0010,D
45.365823071875376,63.173940656343255,33.924401356310256,49.06363811260829,50.22630852676869,65.98321807641034,49.41279572895371,52.91378984815946,94.23874403297442,S0011,E
45.34270246429743,51.975996046923996,42.37275221433786,63.2579664754219,35.944369461437134,57.33547813505866,54.46536506940711,50.321850870368394,108.62045916021786,S0012,B
52.41962271566034,70.75260872625265,42.30857650212702,37.1283643141575,40.15006874182985,50.08783654898148,51.99610418402783,58.728170831783345,97.72874870419098,S0013,E
30.86719755342202,43.10812181910432,40.600968988911355,36.02881814887009,51.98680009547407,47.623166830390154,60.941795475214754,57.32080951433022,98.88295634694379,S0014,A
32.75082167486967,67.3596380316525,58.294748419317486,44.16400673653995,49.20932658135444,50.76609070451659,54.79003143392759,46.9093376326174,92.4522696507558,S0015,A
44.37712470759027,51.979107834626475,48.06173861227197,60.38378851019317,44.20875890364253,44.88236442057696,41.38690420302892,54.04823408808268,126.89708062361389,S0016,D
39.87168879665576,43.48581996385552,47.35485158689389,34.806539245231576,45.19166210488021,28.952504942809853,71.78562173991662,49.64903533215406,85.3414792378293,S0017,B
53.142473325952736,45.16114165945678,29.961376355932465,21.67844401889431,56.961679971592886,70.42177910534731,51.943334633382335,41.46067091539944,85.19535494902583,S0018,B
40.91975924478789,46.7965269180568,56.35418030209226,45.488411415910015,44.82307427130785,51.553249991994015,48.52659773378494,62.9046074137635,142.41987131690217,S0019,D
35.87696298664709,54.241659464019165,37.60741605146528,55.5174079991092,49.119087559709264,53.981472651225374,59.63925423055571,50.551992425300895,119.55695129308663,S0020,A
64.65648768921554,55.228354880355,50.599326302663286,62.00261749738829,71.69936588080543,49.42092250123091,52.49450945930072,70.48708257698851,52.29772602613927,S0021,A
47.74223699513465,44.26299996061421,52.773769379581914,45.36838637914601,35.76317363116077,42.64883199275412,53.99228192939327,33.745077298001675,88.69482521579192,S0022,A
50.67528204687924,49.756454077390174,63.60658595838651,45.885733928839976,31.481572684253415,48.140755190512294,74.92183998600687,44.432212271566335,63.760213248758916,S0023,E
35.75251813786544,71.42270358611864,36.91179600880888,61.53900734255747,57.83589664798607,34.006052378056886,47.248785717449536,50.326388366908716,80.9861861316949,S0024,C
44.556172754748175,67.27543170100711,19.804878441791747,31.302583003045793,43.21356938705897,72.77086498053305,46.82239105982604,61.37381097628914,37.22970667531921,S0025,A
51.10922589709866,54.36323669674032,51.83849544753695,46.114792248169906,46.8176247225738,37.654880015776044,51.16578512012464,53.99469372602185,97.26020844612115,S0026,C
38.490064225776976,50.380034781682,68.00511181510853,51.90423889925058,42.18843621868886,39.68033716152821,60.715159355810385,53.10472754180751,77.16116361677376,S0027,C
53.75698018345672,51.200313267182615,62.38946352939438,54.49218721285034,47.40199859232487,45.597407956135996,34.93465969809601,38.727362074458526,101.19810513592877,S0028,B
43.99361310081195,56.13517972730416,52.096594152746256,44.901933068091175,65.98538112096341,62.88075724852378,30.344441085234948,38.43058602770529,67.4975748223495,S0029,D
47.083062502067236,39.77207434801595,45.08363814367953,50.344410117058416,58.021284586181196,50.14508999262654,44.12884729379852,53.22504660289905,101.6582370634408,S0030,E
43.98293387770603,47.42623462576655,58.071225966373106,25.116726465870105,58.62223511886977,37.63864203969538,33.66077040940713,36.35894006181641,91.70167443759345,S0031,C
68.52278184508938,33.314159261224106,40.26453800295531,43.41751587666152,35.837729442073545,62.543383607573396,45.75168652474362,44.68122249710672,130.03905930377192,S0032,E
49.86502775262066,53.992231226052795,54.76357769356219,54.53508712554468,38.488462634471304,57.31000626785482,55.0249969612929,55.00917329085858,128.2271372349125,S0033,B
39.422890710440996,56.47195939702741,55.054701591666266,40.177059657453206,21.60921340514573,55.384349572164524,41.09251136447736,40.17675727723224,115.70691206020567,S0034,A
58.225449121031886,45.16813537700626,60.6020990749888,50.58984221589597,41.90619178917246,57.157342411708406,35.731734232186575,66.05355962361807,93.46772438677574,S0035,C
37.791563500289776,65.73986763290033,77.59660038911078,54.46872500802698,59.567031863856585,73.9436190058245,50.69337161715348,62.2393634423789,139.70760790520586,S0036,D
52.08863595004755,37.74234336997659,53.92415967178767,46.57450799142235,55.16946515748371,71.85094895036113,58.625434846151705,34.285800016616996,68.93929444320358,S0037,B
30.403298761202244,35.3562511979018,44.910363742925014,51.70463770996571,47.784867370478764,43.13284656996704,33.050265614833876,40.67628756818013,71.92882740872675,S0038,E
36.71813951101569,52.24451818559972,49.74425687808006,40.372674347153875,49.77699716281947,66.23884992811152,58.20232398305984,27.1422275550505,98.32433800221871,S0039,A
51.96861235869123,60.470983026121544,32.30924095110882,47.93388720303953,43.11114457424594,53.831681897589,58.17306203738326,42.174086374518666,145.0807621784224,S0040,E
57.38466579995411,66.83927691457869,43.05286868910942,56.10216169589223,52.04758882401784,54.99095816137749,59.54085102156628,57.66388476572399,95.95322186259826,S0041,D
51.7136828118997,45.4111573713106,45.90717561886896,51.569729609684344,57.65878279480615,33.07729168356671,62.18480214871686,45.86105057725143,96.33509513581436,S0042,C
48.843517176117594,60.78680833431296,44.759116020654076,44.13468730436065,33.84113212589527,48.29614234611804,72.02013924659616,54.60797243615968,71.16179287776382,S0043,D
46.98896304410711,49.61491530499293,51.52354872033722,52.24216404290793,52.99647687837348,41.87176409663435,46.439079513809446,34.776656817182555,118.91859170540756,S0044,E
35.214780096325725,48.273727000591805,41.775800676177994,57.14609790636618,59.32434870954667,58.28058814893309,51.09571580077858,57.97975254581905,119.06352508658708,S0045,E
42.801557916052914,58.83659937486672,61.210306673244716,29.50058721422522,45.848997110366305,60.710805004028046,45.83561566751975,44.448907720716505,115.7815040279982,S0046,D
45.393612290402125,56.5232287841342,50.002070649181974,61.59074064955898,57.00700612120583,29.255136489836886,50.01976844755811,50.12169682282905,87.41558654305275,S0047,D
60.57122226218915,34.236078430157505,49.90699678861385,46.63745261318928,78.14654444472552,49.7796513599573,65.32873355636312,49.07125498606947,85.86586463253988,S0048,D
53.43618289568462,64.76540349725896,46.72105283487082,54.2548993324023,48.95657207013108,61.21861504794252,36.54985516069331,37.28451479107716,74.1375549919006,S0049,A
32.36959844637266,63.800913541474515,51.551906838589794,61.97246923645228,53.93307050005323,48.13321037686555,41.38950327834424,38.469156682602176,101.67745003521867,S0050,E
53.24083969394795,43.74437298490471,58.25098264667635,36.28326302769534,42.61942916338609,57.29063645002364,63.77180936504561,59.67794469003426,78.39185341442996,S0051,B
46.149177195836835,53.95803533437409,41.328697842890996,42.90558997572453,51.8125116260205,53.511654676270844,60.2003650690209,53.98992157501696,76.45166989501422,S0052,A
43.23077999694041,54.94030186282739,43.41883510924743,47.11451304124295,54.60271624982304,53.41660231952626,46.36868353182922,60.500490415534266,91.52618566178649,S0053,A
56.11676288840868,52.60673765823907,46.96273971223335,42.16246478875571,51.94842340270138,47.286850219317024,58.544020011207195,53.24658235502518,90.21687649631568,S0054,A
60.30999522495951,44.4969484615458,36.54129076526785,67.34936575836808,39.80304680291143,37.834191958642904,53.412158424920335,51.42990634809217,89.2404294235609,S0055,B
59.31280119116199,43.283766320619485,41.807421402785025,41.432279061732075,52.06361771325451,38.784698525749725,65.00274609000988,32.73989381333233,109.32889193680522,S0056,D
41.607824767773614,49.744459290085544,45.23779126455341,44.44453220513133,64.62195938717636,57.09352514455317,50.745095938267724,47.296333032388304,101.58095604300559,S0057,E
46.907876241487855,61.72729019259364,58.74389180712728,52.04389031602977,54.486357645145276,50.19458255518883,60.25632113872582,49.72615679596256,94.23687938977764,S0058,C
53.31263431403564,55.43600154594432,52.62561329001925,37.97850473923911,59.619871890718414,48.614877553927755,76.4201191049262,69.53107198272573,103.66025856622964,S0059,C
59.75545127122359,46.29385667913894,51.93589911367545,46.04319288243736,47.629880299873726,45.76109957677647,55.98099155047466,56.86956632098677,80.16945917790736,S0060,E
45.2082576215471,57.716987106483444,58.50897962167972,53.17453261250175,57.4990023942371,46.94811154519248,50.49328165794844,65.36061181709529,102.10557247819357,S0061,B
48.14341023336183,21.514573793699245,48.62628211600603,46.67139595617489,52.792678382165256,60.46911794488139,57.22446985220979,55.97537705894728,103.01204985689267,S0062,C
38.93665025993972,61.48765700372103,53.904648499288896,49.06613141100052,40.49089270312768,46.647559181319735,46.34719141796115,42.886967730505205,69.93906281285038,S0063,A
38.037933759193294,32.60286221221901,48.96778247067504,44.70667887551629,53.18521004798875,36.58935286698431,73.87967705524733,51.17124216149851,119.91387508740723,S0064,C
58.125258223941984,46.37559058596868,52.653623493996285,34.85529690819233,40.0830333655969,57.43651775540173,51.80071037695981,52.36223646264233,82.37132589546009,S0065,E
63.56240028570823,38.803301053738565,44.17241342388418,53.215932113392384,43.67119725115208,47.95123336135283,47.27066679774487,40.60844430229318,101.80619598412869,S0066,A
49.27989878419666,37.053185242790946,25.61182841723571,67.54933071647241,51.893283072923744,50.31395865532777,41.64310994979964,46.15612623407079,123.2882348107054,S0067,C
60.03532897892024,61.608267873785195,48.65720837813696,50.18401630783438,52.97244273380124,66.0757830639951,60.972201916064385,47.94233006322828,118.51353515427739,S0068,E
53.61636025047634,45.32298798688109,64.2274813609994,52.25264117247549,38.10767534922871,49.794394426494925,58.67187412827739,66.05619832565118,100.6866677713767,S0069,B
43.54880245394876,53.46503881730716,59.26215402241593,56.92722755116859,60.53985771182876,52.891836731187254,45.02645628585907,29.192594746090215,92.75001994235863,S0070,E
53.61395605508414,49.53079421120816,59.653974845911705,37.30669503453301,55.72006278300473,38.210765087016746,55.764513451224225,62.05818420716043,118.95023817151134,S0071,B
65.38036566465969,54.770408272231215,62.36130721806218,67.02514658129606,42.95271564389116,47.8033054764904,34.91444031787144,40.63204765040617,113.4938995561724,S0072,A
49.64173960890049,50.768218910602556,50.88657590961437,52.02328796422802,34.624152035508246,56.09526045208601,51.849705750731566,36.27920812730386,87.6326995991174,S0073,E
65.64643655814007,37.1700777581143,51.973157074055955,66.3185689908911,48.55095420918569,34.446262661587575,54.52756352076695,61.79942130038464,84.1021270599662,S0074,D
23.802548959102555,59.9626681944714,43.8234810456565,42.66967004476011,45.540562861388395,52.00845093115709,67.07329809559224,57.318980692343814,58.552896366080034,S0075,D
58.21902504375224,45.06243416838687,46.8392714397295,68.18061922557825,51.13140457053023,51.00791072644806,42.291811972713106,62.5451870238119,103.08063683367175,S0076,D
50.870470682381715,34.434181013402494,56.15771149771142,57.75155494034783,46.36883338844434,50.412874555874396,37.21647371197676,58.00701947545576,98.34604509963202,S0077,D
47.009926495341325,45.718848390340874,62.038844371688164,55.530400858523585,29.925431392549903,60.37158898658243,41.04572039074958,70.59845001737402,122.72382749285084,S0078,D
50.91760776535502,65.00759790634311,48.60553724319001,52.34024454353148,46.11653061698841,53.344385148485216,36.634314996850804,55.587238369444854,107.18110186960733,S0079,B
30.124310853991073,58.50221742113493,45.498107351485885,47.514713819255505,46.94380888931687,64.78071898356444,63.36657357758983,48.435226238768415,126.68458388345381,S0080,E
47.80328112162488,46.51347865592141,50.005279588565976,62.00531658473872,56.33661024774059,40.06410484405964,65.48639295024037,53.42926377321343,86.05271544167658,S0081,A
53.57112571511746,46.50742295681571,56.01206748929115,51.40359869848047,43.0180032538895,51.35924567218348,53.20216577948829,62.434691283459635,122.76300661935237,S0082,D
64.77894044741517,46.783649487826175,35.56145183866458,30.329302964128477,66.78674673372566,50.844667863899474,62.21294945685148,42.20624674739883,89.4216724179069,S0083,D
44.81729781726352,70.76747983560841,27.03819046862762,38.82813538292997,30.88359449348243,39.3074550624492,51.339583805802356,43.48111417468619,115.55192123584544,S0084,A
41.91506397106812,53.819354522315535,44.494631505084165,48.14154247807253,63.111674978026244,59.56295002091346,49.04888352299234,46.91039985402092,70.82483214938613,S0085,A
44.982429564154636,54.300416471910694,37.79287574085841,53.09998983165555,47.756810291218954,73.24673305852818,46.66962380946239,28.954172012346678,104.70270598732377,S0086,D
59.15402117702074,60.30283454031842,44.91859802352689,49.43411511100104,58.595848723435566,49.82993925516169,46.89609008622435,51.38078408417547,60.3062411710818,S0087,B
53.287511096596845,52.387891590265134,48.52219681182528,62.18970789793663,50.79801484058733,55.05021088273767,34.52198443690969,31.138712960489737,94.6572502811649,S0088,A
44.70239796232961,47.40957854179297,45.467515909769865,30.488981359613753,61.39555536025469,50.84518475815327,52.64254763607339,50.53059312932619,108.80707987755827,S0089,E
55.13267433113356,48.03650150915022,64.52467534470745,51.435879365051605,46.12638035447189,42.864153300928244,49.596660897859564,58.652897561352496,89.58062897537809,S0090,E
50.9707754934804,49.283987405859364,53.2674476460232,31.820207746128453,39.01379574822188,31.792397221979837,57.45360724077876,45.23123539356165,78.99124742488065,S0091,B
59.68644990532889,49.627777634901584,53.004743596108284,57.59712295484168,64.20504287271064,42.94226516904635,50.9352349643861,66.77115870186871,116.92236938591867,S0092,C
42.979469061226474,57.2762954363698,56.22207144043402,49.05541285557997,48.86519354117859,36.08041619048269,48.37296298430908,35.39499100581512,97.93074420306154,S0093,B
46.723378534022316,50.519458858072994,38.61166882219231,54.19609972024118,52.21558473624211,67.04102078059118,41.288069699923696,61.91260681631832,90.20858705938657,S0094,D
46.078918468678424,57.32640077215579,60.391117874202685,41.36117039410234,62.34751914044795,48.84890306076761,50.721532368217616,56.751370564069205,100.83791842308553,S0095,C
35.364850518678814,49.19283419891418,49.2423571346454,62.79464931657751,39.68044757905565,46.54080670952829,57.38237230816162,32.83966751689311,152.73338283891178,S0096,D
52.96120277064576,50.786351903160906,56.70480617241213,60.417246640588516,55.95490897639257,58.89153824787806,38.566610089161394,77.10794299040532,123.07005699563088,S0097,E
52.610552721798896,30.017993154678923,39.28142766959844,55.835443030118874,44.10105243537109,38.78248897144112,50.874737536807395,49.36254714496034,123.2514733637568,S0098,A
50.05113456642461,59.16327674702482,34.46241233983936,48.704827531365595,48.67830644355628,42.331359619954476,52.33042951529484,41.22515977844368,108.71092637984728,S0099,D
47.65412866624853,53.46488475897993,58.17889658025029,55.798572852951324,50.72278965384289,50.68072269248621,42.819352163817356,35.92912805215983,103.32970545154294,S0100,E
35.84629257949586,59.98010109859652,53.76409526097517,42.93107432012651,34.997781385530644,60.287689914234804,44.12143695092,47.79981972340326,52.07835423339168,S0101,B
45.79354677234641,21.037446218063106,40.9794844564249,58.55555659020712,42.211629571795655,55.01685045168788,52.306108487662144,48.725931276100404,86.42039307073736,S0102,D
46.572854834732304,70.88374704780728,41.303369187253054,66.4948089432392,63.51072892413139,52.48325142515882,38.66578981707377,51.02645528539664,90.38851173595052,S0103,E
41.97722730778381,48.604103718448265,61.254347844147695,60.70610559979186,58.86191188584796,50.78117735236016,53.499237152493926,47.0220384377604,62.50215871904934,S0104,A
48.387142883339905,61.081828167375164,38.10588107132672,42.70397530192591,49.37360422672765,54.002358555267755,41.046456263408004,56.33225310115093,76.85168419569132,S0105,D
54.040508568145384,39.60094072874469,66.42672953255963,53.61417317273103,52.431234585128934,52.016529051292544,60.62853693033216,46.123701673367535,60.38327058154732,S0106,E
68.8618590121053,56.1277390506257,40.99379265352131,37.06858456241352,47.05757494363542,39.70027725223064,73.378277453883,30.65035882759529,99.23352328605255,S0107,D
51.74577812831839,39.46584436826344,56.38391925608383,55.723903111756755,63.56583385827982,50.46079221633151,41.392431982981805,48.506385043503585,116.37531941697632,S0108,A
52.57550390722764,43.76231039304195,46.71381524251015,54.50603412862539,47.99647422205836,39.26311341082247,55.342078623746744,26.325223466267218,122.13549037248657,S0109,D
49.25554084233833,69.14031353866787,56.03187431082343,31.30183660467836,52.31842092134848,50.81082542900824,42.732580951179806,53.5377063089139,108.29568924158482,S0110,D
30.812287847009586,48.09317599236653,44.558859978858074,38.38216156087636,61.460301441420654,45.19352058511758,60.4095417379779,40.20699769717365,80.73207317602862,S0111,E
49.73486124550783,52.17432873179723,48.37207093927706,47.16861103256233,42.226285151540935,75.39381622782861,37.34741590914785,51.633603549158,61.35869682960081,S0112,C
50.60230209941027,58.70067730688754,50.40919175395721,46.991402528591735,65.58789184496894,49.601056162482884,54.805867584277124,63.14074981524604,64.86262601196997,S0113,D
74.63242112485287,54.95681887972604,39.978125442185274,37.90523064581195,34.69538590256623,35.95760433738411,41.27011033110647,40.51251304732,74.62034845491003,S0114,C
48.076390352188774,51.504189051435766,57.408243454201255,53.889787293521834,66.29642131112799,48.658197893230756,47.930154109016314,60.61256258512118,82.22280603928651,S0115,B
53.015473423336125,53.64961002466225,44.867864335284146,52.51473608940512,46.27324416048025,55.19358745637888,39.68974724852693,45.66610433313847,96.80503004016826,S0116,D
49.65288230294757,74.03415585238275,47.714000846599816,48.05730868021481,47.57301252174718,66.73363946152523,58.223504708957535,67.53194802065585,79.71671563746064,S0117,C
38.31321962380468,49.42381202966415,40.056506253914876,42.44208499841637,31.09989828817057,44.10547600061282,41.63019645560413,46.34847386801787,106.77951787336522,S0118,B
61.42822814515021,52.010990467149675,24.376663412046895,60.487071264165635,45.452052826223074,34.1757202597636,55.519642593318274,41.59507014493309,95.35452994401055,S0119,E
57.519330326867745,60.50654396007612,48.08972237399831,66.55407113088296,39.60193468973116,58.16837011430981,46.55901971737667,56.87238450395289,100.2109142348205,S0120,D
57.910319470430466,61.05525932957984,74.12615421612915,45.16438516153463,43.923536546265275,36.19401294100349,48.855276282011374,45.64210270376364,122.8050110534241,S0121,E
40.906125452052606,61.8703030556038,57.84604287898024,43.878330828451794,48.6268903421112,45.63844558492515,51.477559074001285,41.58550485870992,76.39536531599259,S0122,B
64.02794310936099,56.38730222029184,49.80739620265605,54.912076654119964,59.57791614472906,47.42379514489006,42.38175328341151,45.22160149296209,108.37409156584737,S0123,E
35.98148937207719,38.569950872695166,47.37109170791732,46.419706202530136,52.076033514006255,49.30366546699892,52.10367113540887,49.55393467816999,99.72053543047853,S0124,E
55.868570938002705,66.33431532301096,50.22465892812046,48.60602799336766,53.07676653401114,56.89164457074335,65.3033456435441,63.42180131244854,93.3302743806061,S0125,A
71.90455625809979,38.53654606981312,55.4711911517521,57.396531517246714,39.044806111544375,43.16365717713612,42.219052141672854,30.65912254540423,117.7051264173192,S0126,B
40.09463674869312,53.02635465239033,38.19187184691155,30.906439124927072,41.192459103972695,47.262707478332395,61.71810143273845,50.230806589504205,117.58028309114015,S0127,E
44.33702270397228,42.45724149980642,61.143216946688725,63.183023248526695,67.98725018351311,49.857296470506114,64.98097633487784,56.24903594654043,81.07018408023144,S0128,C
50.99651365087641,49.35861653407007,57.15381315441244,50.72680524329341,42.647989652367535,51.49597957518788,41.83845010971956,51.93448574991796,96.35678832284152,S0129,B
44.96524345883801,53.2876241030348,57.18185725707934,45.8850685543782,66.56208252057296,50.978271747079226,35.449453949094476,63.098651694335345,105.62423365168131,S0130,A
34.493365689338674,53.21357215450273,54.38475738809727,49.10765845778551,47.569388011191336,54.3600577522258,53.01960900171765,49.25654670241476,94.53986503954832,S0131,D
50.68562974806027,54.21920754235285,50.1961665769399,49.62429355020519,50.02287936143504,58.43839509641737,44.52592477233127,48.15448557814055,111.70042664575597,S0132,E
39.37696286273895,66.13711269058646,56.7286123596682,32.68798696555075,60.703651602299296,53.92634115650968,68.68603219163002,55.92329547013343,105.62384035820551,S0133,C
54.73592430635182,54.5353430151398,55.91814133741378,64.94938227453235,62.718924219386565,54.535855235092185,50.34807540499832,50.9931381495135,136.65122480712026,S0134,A
40.80575765766197,47.558433647093516,46.45959289058976,50.41325632270618,48.89187439720912,34.17776833253522,41.97800591964821,46.09591261719529,69.39441728140424,S0135,B
65.4993440501754,59.64087168288357,44.26398227103099,54.430021304473755,46.11756946478461,50.50227699165681,38.528404889882886,55.1614403958638,97.55128020505205,S0136,E
42.16746707663763,61.894704889246405,51.01856295261987,59.51549770574043,49.44079551477787,54.79507548001609,60.899049590908305,43.47471706783355,81.82994976975618,S0137,A
46.77938483794324,37.72392184863008,65.49020151495188,39.788375424396996,53.379575282321184,57.2894119457045,44.28816025915813,43.88822847980673,112.08214910878088,S0138,A
58.135172173696695,55.97400069849858,37.60892924346099,54.734718990352285,58.91303686869755,43.07649225766206,50.43828799460428,44.72005978234387,67.65656219908911,S0139,C
37.69135683566045,57.01172742310898,35.324747342475604,47.32358909101207,50.04229858994152,43.40960725111355,59.55802745112481,63.530691601664074,106.92625420449774,S0140,D
52.27459934604129,47.02436496640008,51.647608412365166,58.46770775216494,56.188862980231534,44.258993247164014,45.157416480691694,17.789836440142864,87.39903137303318,S0141,D
63.07142754282428,63.75706813311619,50.50887701856018,28.727725796485046,66.3835973227094,55.36413899891343,49.540711712598394,53.95598834762942,85.31676267757972,S0142,D
33.92516765438772,48.499444129674735,51.73341664370408,49.00905699758731,53.81309612264785,60.33881054924208,49.8343159017748,50.34271814200222,71.07003592918625,S0143,B
51.84633858532304,51.255764534715425,52.439531979085004,43.97179344216038,53.11652856004778,45.92539892708398,56.83324511516092,33.191295407618796,90.69848107597988,S0144,A
52.598827942484235,48.2692817571613,47.76797745365195,54.322629506341556,34.810891749099326,59.07962313627049,55.907443355103254,53.097267791360025,121.69001060581851,S0145,B
57.8182287177731,50.155790475814676,64.89863438602082,54.700441873682024,23.692698631709366,51.23479809164594,47.79886268745172,54.75751991831532,99.4962263294104,S0146,A
37.63049289121918,39.037249131047986,33.99096021523484,42.92374105177974,53.88375729230168,48.757142228375635,50.636490614965176,55.896392313574,112.5536083574895,S0147,C
36.795433869157236,35.59949117405706,41.71502975219754,42.87826135823956,49.05175768719128,47.88615770182031,46.282209884765116,23.48171936955051,133.2928364393255,S0148,C
55.21941565616898,65.94505063224972,48.96745239850953,48.89334631442671,44.85217325085258,57.46611364602157,35.223875930805555,63.663894118544384,105.27511169645152,S0149,B
52.96984673233186,41.53038651681672,33.568111888458326,41.033577726847916,52.435302041863444,53.2557781678707,52.57600857398129,42.622632953151594,88.82400855875319,S0150,B
52.504928503458764,40.08607650543693,48.241455955679285,58.41983695452127,49.395962708030915,72.75825427647638,68.92191760833067,56.86567746753176,109.3450443036558,S0151,C
53.46448209496975,28.466098863962852,66.61470165728018,46.30792799552554,61.277802506338986,41.477753570026756,41.16280859308937,57.41073780682286,89.11407707371416,S0152,E
43.19975278421509,43.610382523104974,50.20886488295962,20.930117806783585,50.86110868258978,55.181017020299755,42.26970290397297,41.23302914380707,89.91154633405661,S0153,D
52.322536971610035,36.76910206592502,52.30700905718683,46.25177943378194,42.53076714929833,44.70798990188487,41.29272228356258,56.6045995235155,69.6021440076203,S0154,D
52.93072473298681,66.4201516013637,37.3983523482742,39.61456179156028,59.901662389592886,41.30713013011356,57.24591778723123,46.145067590876415,118.52514982168785,S0155,C
42.85648581973632,60.09817089342634,43.83638591960523,33.687241845390545,47.82868925053798,49.89132862965028,54.4848545419644,29.28622820661843,92.27994848701121,S0156,D
68.65774511144757,43.118496548222765,46.24803619676063,37.62573361777427,55.265366836723075,51.37352479407036,48.414623075835436,61.67741925527779,103.64196491631724,S0157,E
54.73832920911788,72.52435805344308,46.82284903243766,51.094084718329704,45.22589293807199,79.18173555060093,40.81980938361035,42.2495503698376,79.28076142786722,S0158,E
38.08696502797351,59.81765486991594,62.81643795003769,63.28640828248231,43.50173114502564,48.15854184316798,50.92376791639924,41.45506537261946,108.71895259430944,S0159,A
56.5655360863383,46.75168616491378,55.57691060725124,53.131844738649804,50.84168230185696,38.69821270515317,34.353778726641956,45.969341319632775,84.76117523729832,S0160,B
40.253183297726785,25.00594285126427,38.88542043062968,43.934966117842606,50.12828643543685,52.73010717494385,51.43426566857493,52.72236725327388,97.16582556596352,S0161,D
57.87084603742452,72.90942572590743,52.46504778432005,54.55904195170703,54.79827035366833,29.253599624536317,58.71524386087934,49.427295891778975,117.55652062478252,S0162,E
61.58595579007404,36.10427533236404,54.98221748496785,45.40909689781008,47.313542466902575,49.08043217395734,37.48800863366322,55.4806692470717,115.81518624465059,S0163,B
41.7931768164829,33.546012530431085,61.40149038521267,43.05399630836855,31.636402162296026,50.160252822951605,34.674817231703365,36.60510633471341,99.5593985496612,S0164,B
59.63376129244322,60.225704320096405,65.80540686568374,38.456373317670156,45.672261164116115,57.94600382945212,65.7943789169486,42.576136295692656,64.63737934586564,S0165,A
54.12780926936498,74.39752406339272,39.84905808172131,32.48171193248281,57.93818467143816,59.736222494278465,43.88240360495415,48.84002927678466,159.85621140121282,S0166,B
58.2206015999449,63.84272818510518,41.89142488789662,46.100762934405545,47.026239207568935,44.96430381092283,61.35947845943822,68.97887292658706,134.91717940546272,S0167,B
68.96792982653947,55.639091200523595,37.42422141085384,51.58053489920132,47.53616597485452,48.49385985370067,48.460023348021686,48.86187461586242,114.45349649776597,S0168,C
47.54611883997129,55.94754341665286,47.659801408930186,49.0337632998511,59.863765059059375,42.33879169389329,48.38045183058672,60.85222263661632,84.93592436818058,S0169,A
42.4626383564251,58.53415558780308,54.663583744463345,45.84033072052641,42.880267727410775,38.71937445192306,54.38412699496645,50.385551687843176,97.7281567659607,S0170,A
41.10485570374477,57.589285897867654,59.87334516589102,40.542539393032186,34.57196781757101,53.098947793806346,41.1600114325356,45.163413625624315,89.13159140446966,S0171,D
41.841897150345616,52.811914239693756,49.24048976357477,56.08246191684969,48.393688804745054,37.26414451403401,51.32497143495645,47.53275575885559,125.27711878192777,S0172,B
49.228982905858956,51.04201103951876,46.80152476745156,36.82868080053415,45.15826048751263,45.85373099428137,46.185105851759076,48.315802879711185,105.25005781703668,S0173,D
53.41151974816644,49.374068721004775,51.51757992248741,57.760279138434754,40.33753680246746,40.048260401007624,36.795065565949685,56.036457389607385,84.31672283280335,S0174,E
52.766907993300194,42.46035411133324,41.64857098369977,39.97782981073275,48.24621544101309,55.496831862902596,53.37482074726399,63.746112675765545,90.58489801750436,S0175,B
58.27183249036024,47.19324923133226,70.89538721694774,42.47564762646965,54.91505647246784,68.01430099266489,47.36692193122084,53.59680847686321,122.4237628513981,S0176,E
50.13001891877907,33.07043185804615,33.923389728819416,35.33214809384323,49.907114384321844,36.98412017196669,48.429751715552925,61.870776787417554,132.00195693640956,S0177,C
64.53534077157317,49.0166037320525,51.847405788957246,44.98597853114363,53.06981072686238,31.469815171024308,37.89839056585842,40.352102623703146,130.56663126972492,S0178,B
47.35343166762044,40.11408892849083,70.2360621922964,59.75312458477979,68.13407698515422,48.751131146499326,65.91400367762805,45.85369491185969,115.14064130107955,S0179,D
77.20169166589619,38.964106827842286,50.067998445599976,55.15628088443957,46.57121138442436,50.15697795957758,58.76714186386116,42.75697465792333,94.94750262394726,S0180,D
56.25667347765006,51.798941511534785,48.099609649985055,59.78422112028035,52.78348634644669,52.18659306757298,59.641558841719785,53.14444590874852,35.16972349341759,S0181,B
41.42842443583717,63.92002286344599,46.42554577189573,55.22142545933936,44.907866374008655,45.53679484765655,46.94555297558318,46.41041614820586,105.94320047616444,S0182,D
39.29107501938888,59.183166060023126,48.19608318237592,38.96330171469631,41.53640280113027,47.99360701174568,32.7081711049658,57.297729370341955,99.96342482311799,S0183,B
54.824724152431855,34.29499396376823,63.728484746765304,46.692107756724425,44.1509234658223,53.67510410540602,69.52917382489511,40.68998288367558,102.79964192642707,S0184,A
47.76537214674149,40.10371863429663,27.88138088670493,42.19800870882537,45.212414284783115,60.40430892644839,49.38902491994132,50.430309733212816,101.07794694066413,S0185,D
57.14000494092092,59.40771187988216,65.33433701296326,63.3057490403904,53.59475797547125,30.449512296817172,42.51200203979946,56.86857911012256,73.47475676101686,S0186,B
54.73237624573545,40.175126064616904,35.76042847549855,38.03211353573688,73.49075786700757,46.310605609685375,54.16801574483114,29.346972249593897,111.14817113702371,S0187,B
49.271710873431275,47.753668500029754,47.333476707655855,58.93697689389111,42.8395656372416,52.13808793941063,61.67120788003297,71.21631307330203,112.644326280637,S0188,D
41.532062819315954,55.50052099024552,45.707555797013384,58.929538701087694,45.83374694384538,40.82023895389264,49.76949443914534,47.16848115120124,113.64677564119319,S0189,A
34.851527753141355,40.31655545136365,55.8855326977072,68.29620201716088,49.36876986888752,67.311696317673,62.78575167939374,29.74960086323827,118.93154007146774,S0190,D
45.53485047932979,51.0537550614596,34.01875648116253,45.903134073705026,53.957988487097474,43.64590119771263,60.82999938516868,51.58093898576786,112.08103289843247,S0191,B
58.56398794323472,36.65974505081795,54.62172666081943,57.123221595801624,52.63550811954785,49.58707312992717,39.23618812597942,50.33443467973151,91.79941176922179,S0192,A
52.14093744130204,43.98632356048786,70.24309623286852,72.81651836538842,62.84095793948117,55.56022096842291,43.262098943405235,49.18105620427507,98.5832630416782,S0193,E
37.542612212880115,53.19781934142537,36.368259954071895,43.82358323066303,25.73607929464792,44.087152111981055,59.575371632797676,59.91191112926666,101.82249734506753,S0194,C
51.73180925851182,34.070062664683306,51.89706167610396,34.6495975246764,26.130701298043274,31.534269521955828,22.87387436189562,57.47444971427056,102.15398898213238,S0195,D
53.85317379728837,54.40474737960399,43.38017822203391,31.199899660922362,45.04121827989851,45.71345473083467,48.50544306835011,52.978761910238454,119.96435311943459,S0196,B
41.16142563798867,49.803622010733186,54.25887206193036,57.12712028861331,60.97300187543709,60.2944055592704,35.69168798375328,54.501556339466475,112.87337506044982,S0197,A
51.53725105945528,55.524899544171475,50.19147777415752,31.16849791941416,34.34351968394404,46.631048732148614,45.23446198566475,48.956415505619134,141.54686879139905,S0198,A
50.58208718446,52.23914134064661,43.5851309095569,46.27680947062077,19.92367660306243,41.53565698541021,47.01179910970796,67.75490849240049,144.12937959769346,S0199,E
38.57029702169377,63.64140429973844,54.87872284871074,54.37313187038961,55.711794062192084,59.256722095027214,46.41755622092492,35.208039816422335,101.5929916522785,S0200,D
53.577873603482836,51.25224502647907,68.04348109786743,51.85175536829914,52.43657223702714,46.692251039769474,44.477387478873915,51.396516742158965,23.266889030812607,S0201,A
55.60784526368234,45.70594458874747,48.09096208272701,54.25444864184172,39.097915932005705,44.89839186349783,39.02856350371186,50.6502463118878,124.73664932254533,S0202,E
60.830512431752766,51.222975030322836,57.19757942148182,52.22289855800854,40.1446039927907,51.4945608966331,72.91911266818687,58.13280406064593,89.1924732202589,S0203,B
60.53802052034903,55.43298029036388,37.06727042128836,62.788658133133936,40.30256280365326,57.70750209618787,68.67462004161351,41.561461225751,83.97032156337985,S0204,E
36.22330632042909,50.48860070325704,40.43563623181991,40.476836192612026,51.1053531747394,73.81713531732547,38.37934179743717,32.56327397603464,92.03109450021266,S0205,D
40.62174960084877,50.405916912038826,54.72406277880377,43.23004861541469,43.73684723816993,58.27236107657423,65.82116751303568,51.56823016098193,91.06713906370787,S0206,E
55.1503526720866,42.980083121932445,64.84116028535965,42.27340554729176,54.940639189755196,61.59839966388344,46.00534509527147,52.812304922186044,112.24539620210786,S0207,A
55.13785950912209,43.37099082449052,53.5561334878566,58.301918118626105,21.45373337095609,44.940338010121444,51.2918747333171,64.89599409447649,68.81128441747549,S0208,A
55.150476863060476,35.97394728200307,46.86941969476845,59.003985883950634,41.43148134872201,39.741318940305234,49.36726040103084,37.296379536749136,78.44558508416796,S0209,C
88.52731490654722,67.4957674318694,49.99291405423354,54.51225319318508,38.7394603908895,50.62331349619123,43.40251358746034,61.5469376671672,106.86317108394833,S0210,E
55.70890510693167,37.56136764608715,37.495922660302824,61.834936668899275,47.43659321627508,51.07169915259596,59.838523436061465,73.67414364027121,112.45888060826616,S0211,B
61.35565640180599,43.07094802204092,56.045153263553665,38.21959132623619,44.619522415098615,39.214872586354026,51.25886530576658,46.22235112477523,112.83083289872025,S0212,D
59.54001763493203,42.81592734430802,58.82333062323409,66.67224111551137,57.978437798957664,48.24705470095987,45.234485767807584,37.09057780506776,84.25927442133403,S0213,C
56.51391251305798,58.949243769444415,45.4790966716692,65.23238621712258,31.406632283399425,53.99317601719131,36.95410556199528,45.93025633626629,80.4346870146752,S0214,E
46.84730755359654,47.05050321707972,45.299578522404985,57.35621997245747,50.45491476330752,53.6039339501808,41.064049862808794,50.140049673713804,89.86730332424162,S0215,B
57.589692204932675,62.477420726737336,52.658782296520485,67.8179890877106,55.583364232117056,55.042878533842725,33.586198843979034,55.63787875006915,104.7974550456945,S0216,C
42.27174785462428,43.26509375756132,45.63280263959405,33.43376792322226,68.56647436561954,52.90964730137443,50.122235484151695,44.08605270161952,129.709547385451,S0217,A
47.63181393259991,52.78994162223802,49.338673853741774,44.755518637373484,45.18234028906525,44.929913407299445,38.033344077156045,65.55198534147343,59.051256284584994,S0218,D
45.14636452170897,41.64652946740243,70.99721789166516,42.64696539318048,53.24458604352517,44.86099373351157,47.34439487481459,38.854676849919386,95.58542486083267,S0219,E
50.81874139386323,71.45149127773388,47.52974299254004,57.21479323757343,31.96137207437635,38.010486020061236,63.70101853610371,32.607948478272,73.34643117949592,S0220,B
73.14658566673509,38.12401580970487,46.41659847978778,39.498592603978544,26.080437956869762,67.84775039185095,61.992995729215856,61.06710424287317,66.95514645293021,S0221,A
31.32734807408252,53.09820710227027,43.52458194364841,57.574951493374854,58.447743757817,50.13450364619293,49.677231058973824,27.253789687938003,119.33913290689634,S0222,C
56.86260190374514,56.337768809320984,57.441919714999365,63.705361439967135,49.9443970635193,47.75146944205148,49.1291527385685,47.95870231127284,110.89249148998677,S0223,D
33.87284128810349,54.137990974514985,48.18775826781897,56.95202900083999,61.78512689798423,40.71207918547541,68.79874549421008,81.17681129208047,108.98867031894524,S0224,C
45.280681342105666,48.147123411222914,43.506269616785744,52.83751023661501,36.26597111030251,79.35657902327779,55.20756120358711,49.87956447040069,118.42051679461987,S0225,C
60.889505969673664,48.70179300266574,63.21304032273012,40.121266590992505,55.199021395287524,39.26671967777104,46.721935401234774,38.7923234930375,90.40562206467727,S0226,B
50.64280019095463,50.438114719791095,64.19603004513637,41.53149033874635,68.68817840543853,45.71152074393927,35.73981882879548,49.426025362132066,91.34724967332943,S0227,A
39.22255222070694,48.529979983715116,43.99576434261295,62.49618905296667,54.19705608357266,54.15836836286061,53.93873218164743,49.49199211380466,143.7146123344515,S0228,E
42.84696290740032,59.638791167949094,31.33460048639384,57.793490039053324,52.76581505591049,56.00212965744278,58.293237725828625,51.60649940353117,95.06857891480851,S0229,B
56.79597748934676,72.10523001591352,60.07513689836922,49.60980480622456,50.0855608082435,59.579320552156844,43.683484754863564,56.6226298215962,114.70264226108182,S0230,D
42.69633368282864,44.425082149921664,43.15370174239996,45.8209045423411,34.291185428740874,68.07608507769262,52.912027551380326,39.608888316322606,100.1276308192663,S0231,C
52.16458589581975,36.301970204209226,57.90625599162769,29.74192126888623,63.55572935710348,55.06157655460712,46.36426705084971,66.87548055236793,63.0348293984317,S0232,D
50.45571839903814,49.117179516487454,30.298961822881644,39.291475813155614,43.89142360194934,39.439692000333324,48.159676008009974,52.45114284372618,59.10741992397463,S0233,B
43.483996523941826,75.79709337654319,58.92597338299309,69.11419087139723,55.04483256383017,47.430548748782186,25.121779424376687,57.26794046401804,88.4203156012019,S0234,B
71.43944089325325,41.963254320302696,37.88828070719219,37.195444289975335,34.36965693428746,53.07832372513885,47.782185962838646,43.718506002443576,121.12202503339978,S0235,E
56.33919022318011,66.39116805444067,57.307641190665244,51.89479821221081,38.2054033549222,70.68226041505824,59.693693024080545,62.86382136995533,115.76583313272008,S0236,C
29.74857413342393,66.77700814076441,50.142730678364344,60.07443973195198,64.35087399222235,36.02194521575703,43.68597444433442,47.42947591186935,118.28154328448068,S0237,B
51.86454314769428,44.46411758292005,40.460605806033556,37.450773319977074,46.52697711042157,62.025765052252275,50.52526368215316,52.775525134935314,80.25907642127369,S0238,D
43.38213535231612,55.689830791852756,45.929636870732196,51.84710474781083,64.53275476042545,51.79914369546417,42.4404929330808,40.668939228128906,132.31744980244628,S0239,E
58.52433334796224,66.28396623128538,56.86318456956701,59.37915537510655,49.21769340941482,58.37830535229481,53.60441676292773,40.030683735978734,80.70213399627231,S0240,D
42.07479261567299,46.20872259012513,51.05894453115234,50.1249932190725,31.581022270421425,48.98005283364068,47.834768024638265,56.882053064528826,104.25648797339937,S0241,C
48.85263558533101,47.964196398976384,55.844129804724844,78.68403055666768,58.920675997317204,41.575673698736736,40.60758459317993,45.56393169792614,99.79295420184526,S0242,E
55.049872789804574,44.18319086051356,69.76440584515485,33.31400741121804,44.10107682244392,57.50872779401332,63.32551467665128,41.46176912495623,96.52252359370827,S0243,E
58.657551941701215,39.852432693071336,34.357583882889486,60.58728529883879,56.98688813517043,56.54431027105621,59.28932013532215,43.5681665797297,126.77184276591214,S0244,E
37.997035929442234,43.50722454933993,66.17212574968624,48.27198262603535,50.25210867540082,59.72056965739722,43.950932360718255,56.98953071717421,85.8977895966808,S0245,A
46.654987641590516,37.760597332377436,51.04355937523213,57.719201548366755,34.568817720571296,49.866953646213645,54.97788309417778,43.70962138796389,73.00789488576143,S0246,E
45.25054688839044,50.34083468259226,41.01215951676872,54.41307151699246,51.64294765370569,44.001779766801505,55.374120028203805,48.82345068397836,100.39990972412839,S0247,D
43.46670767426288,42.30026768941358,36.696863742610105,42.668438028900034,71.96223142152799,34.412130049761586,56.42301235011176,50.15027750287097,92.00346531426948,S0248,D
67.65454240281096,52.33785911790748,48.10879609222967,52.2899639245934,54.92986458514459,58.19373268139407,33.05744104004923,30.82651113989701,167.54765838165292,S0249,C
54.049817109609556,34.44104353796373,59.2165011192446,31.420985486017127,49.42482246994537,54.23889482443986,60.06606541032628,35.28873594626482,113.5301495287995,S0250,B
37.391160456649544,53.30880232214457,48.724508796224654,56.032475005713934,60.75343401956898,40.342173671360406,44.30301037074268,53.362778892475625,91.81318849562751,S0251,B
59.17861947054776,58.33528961608925,65.11154930247348,52.98158465990526,52.106684652031106,44.614263267033756,46.42172066558733,42.629706388473025,78.87776861625827,S0252,A
71.22156197012633,30.062643574285445,35.48824309948441,56.38660168643102,52.09534230262794,45.332411880485594,76.37881752260199,60.567249112804184,62.3942317886243,S0253,E
60.32465260551147,53.74056569847572,49.87911052153945,60.581183250871504,39.083748278408976,35.17015568017582,53.01873380721012,59.668071042505446,79.49561828525134,S0254,A
34.80630034045987,62.27668992473292,37.47606555586881,53.67619840209711,52.33848025789598,41.82317603394866,46.13677524552824,57.19168666355437,102.29883543518264,S0255,C
45.15765927133749,37.90358981308795,53.63631882624968,51.480894197982764,60.35443416416945,38.66169643193646,27.94705627244094,68.19771787312598,128.54657303189538,S0256,C
62.669111491866225,66.72572386837703,58.868873900973,41.18931663338708,41.63937847899975,45.87520988112063,63.897641339463554,49.169106722568166,122.43378284775838,S0257,B
42.92330534381219,54.190190093660455,45.792382063189464,42.87779236350949,64.24495821246947,42.61302501670437,36.547903291913975,56.488819259038394,104.5818966329276,S0258,C
54.43819428146229,42.949881442415915,23.95786143372866,61.86734620177331,49.08293975854874,33.72995079133251,39.96561096500496,44.15599023403969,93.5366466859503,S0259,E
57.74634053429337,49.44230922342294,51.98948146796494,64.36335405705978,41.12230488461459,70.22590230569482,46.68647700912151,74.52369912868724,105.37624712824308,S0260,D
40.730695284219166,55.58326912521722,54.367385517335094,47.61889563687946,59.976320769202445,62.52540731029231,64.16411791700293,69.83633652436019,89.62724005030849,S0261,C
49.404746439382,50.760053914124114,54.042947549616976,50.460027472532744,47.132057642617305,42.209805784800146,57.732399866657595,50.11880434517792,134.36727991527752,S0262,A
17.58732659930927,55.387559924463694,62.35782191822154,40.95385625006234,57.59514887486108,52.7242139665361,48.4216249015974,53.86586229905192,96.2161963744984,S0263,E
39.756123586657104,40.79326406920634,39.28946320350951,61.72756845267445,47.08241367741463,54.17465089821295,53.08292063638821,63.592975993648054,98.27324283506546,S0264,C
47.4743184860684,51.69360824036078,56.802161054504495,56.65416823691778,49.40173856470096,61.91085854773477,43.99614307128894,48.52860495185893,55.683551499586635,S0265,C
37.52216818035151,35.8628550309502,61.92507512477975,69.4121743646375,54.93560204334292,41.81394973339921,51.39653689565351,43.433759292002954,96.09130306954472,S0266,E
66.32411303931636,48.887739386513,32.21412415993483,41.21676922820261,52.90897057590006,60.92106783982426,50.73336744778137,58.73989751006883,116.72968275929883,S0267,C
35.69858622039367,40.960923585352106,53.19651825918977,46.21992100981783,30.044682195482615,44.52094695793065,59.687698956813534,50.7843924608367,78.6455484592291,S0268,D
45.599555133030165,42.64470057410233,44.958201689923285,52.314459225255725,38.78756259905608,36.641375958313866,59.67178122438949,51.829944496452605,84.98559331014374,S0269,B
51.30740577286091,62.36093175210438,49.18477326898354,56.464895377257704,59.29409984790816,57.24136559314498,54.93977382205645,41.65728656932035,115.85422035467329,S0270,E
64.41273289066116,60.91310120594269,53.476764835383364,47.84332362452368,48.678634110984525,62.907584241224285,46.37652442453898,32.82327851636604,70.46685552963893,S0271,A
35.6413784882056,56.09138120907177,45.12771435886448,41.270389095462995,44.762686972285785,75.87908973530685,57.41822294390126,52.36142409879101,121.15602015083837,S0272,C
61.63163752154959,39.07687235327421,43.24291920838388,58.81407528923571,36.41425984742526,38.002747349097866,49.08031533796954,59.049620414942,89.35712219653796,S0273,B
50.10233061019587,46.83591550305198,50.34152417488025,57.211353625455814,39.20263678724152,56.989196850807886,39.18085631286867,47.74193250923958,92.22863559017594,S0274,A
40.18491348952049,62.130976999791834,39.12754061137197,40.83725899436275,29.782013600380527,45.90198756206467,45.96712208089061,64.36429519558867,77.52243189748812,S0275,A
54.62103474263271,51.417169136399046,39.141748711148146,63.55442801105496,48.987192812984674,57.83358710524031,50.84526983784325,42.96083674584455,107.56092520855766,S0276,D
51.9905969557347,73.19329539981695,56.79373282956503,61.70198709196604,44.01562419418953,35.295104487687496,59.10215783664745,39.4529554503408,149.1974397005876,S0277,B
43.99783122841205,53.93317839394372,38.51205964841344,51.34296497247793,40.33412109014685,37.37230224301436,48.16471827842847,49.32769692803869,115.62994478921264,S0278,E
50.69802084990019,51.92049116490031,56.66312500909212,50.79597862376036,49.318765748320466,42.24125176833516,37.90801288760394,49.174074246487095,82.71429476118928,S0279,B
46.1468640313824,46.908835357974986,54.62591292853951,55.540577711159074,53.63970630852738,50.78964045668084,50.56741683296819,57.69968731335223,122.71241170982952,S0280,B
51.13517345251248,51.33540904782282,32.741932712094034,41.38296929743742,70.93197932209945,43.58918733461645,51.134560400565526,42.25037175936015,93.66640908131501,S0281,A
56.62130674521047,48.47530163619456,43.22435347664345,50.30031479164082,34.88116580436787,56.590543439134194,51.85837628902753,63.680942368148976,127.4896996285512,S0282,D
65.86016816145352,57.0810867668859,61.94109403047372,28.4761645539082,61.59381043300522,60.26894618257914,59.1987151595443,69.66916962508253,116.13352804328726,S0283,D
37.62184501173151,59.56702316794584,40.18834468860318,58.76455645502936,59.73101561015072,55.995775412453554,60.18923240089899,49.60855973031658,41.13716869056533,S0284,B
71.33033374656267,42.140105394920504,45.355957376906126,34.385067775581405,42.20907260623299,66.18787639660869,44.057891276183334,62.497104201843186,79.91840734089945,S0285,B
30.479122004774982,36.68767046442222,54.62060893251896,65.03419828428999,52.03235954586031,54.15826629455343,43.838565419510566,39.4350292937474,118.8877044567078,S0286,C
48.482149049644164,31.637946268967035,57.83390509282596,46.698799060335496,45.42366750662385,37.83103289659833,39.59801289044527,60.75221541181916,103.03314544290035,S0287,A
55.883172064845766,55.079913269125434,47.48461113955504,47.88333018068823,51.85688580418739,63.6337651353834,56.988156702804766,60.472764085594626,79.52488104584299,S0288,E
52.809918677350325,38.966333938261265,44.02489805308358,43.72266093915494,65.0913101340455,43.948437643940025,64.48820108337715,58.634372801898785,87.32820969012374,S0289,E
43.77300480179406,28.47109407047517,64.22369861698508,47.11961126077924,56.05606232631313,59.1041849968557,46.849180720910766,49.84436911129706,61.87526759821239,S0290,D
47.918777496427246,53.885786045309644,67.3889966379758,64.18531345148037,55.08608373233442,65.73734216555107,47.58569435275007,20.457510587579687,98.23253424947208,S0291,A
45.06999065341167,74.9299951743279,59.788580507817954,25.121913434649205,45.696906800453576,54.566880107303994,64.66782556898976,43.58272856347871,144.21379452031528,S0292,D
44.106352430557884,49.939290884601064,50.85318142565024,62.769653860881874,35.15943335075665,35.038411868353506,55.05557853215008,43.740839823153976,116.09866781464652,S0293,E
58.496020970210246,58.38490774451642,41.91734278359074,53.38023481101708,47.91531789459592,40.81787833490208,54.36235704801055,40.21745061939522,143.80834002376847,S0294,B
53.57015485965047,50.81829358547565,41.695555934434346,37.929783521427844,62.06608154863915,63.227444668851355,38.09083494026273,51.22243004547066,117.6479417957996,S0295,A
43.070904047393455,49.01110346808857,55.22514105265758,39.24687606950762,34.72832143410352,48.308773143571834,56.78728069279419,45.81036554478765,120.54958686705383,S0296,A
58.995998754332504,59.190764829877686,54.18398220888684,66.76393027208204,39.44910631823305,50.79573534942166,40.708636594902416,41.75387990234978,139.48157375490047,S0297,C
53.072995208766095,47.097254558113484,64.01598592946429,40.54493120057269,51.26267736234068,57.58824416163609,38.65979814065042,39.4119985175218,107.54526518684453,S0298,B
58.1286211883896,52.673923140719026,56.50450092536139,38.46649489404041,40.153452151527375,56.963228620803235,46.53228423233288,42.84487014514771,96.2554535698624,S0299,B
56.29628841923612,53.216978061960134,34.96919698240182,61.373145423647294,42.07476552884788,52.78799812385461,44.1420727655131,61.21499211849928,120.65315033244025,S0300,D
41.710049890779274,43.31909546356951,60.51947617722919,53.385528762859146,45.76401418271823,47.91331628779534,47.78400305614961,43.38974945372506,129.0768047424377,S0301,A
44.39818959803031,59.92042349536523,40.01939372685587,40.620744234636014,36.343825958098506,46.87331554267643,35.59018365475082,44.85061293566727,90.40070714575582,S0302,D
57.472936051232615,48.25040243304591,46.16028728047648,52.16624975404619,40.25878153783631,58.57898825291343,59.58816306467672,45.43302384976754,85.56861835319941,S0303,B
56.10370265433465,42.442548405071555,52.502002062516944,39.742473163597225,57.03427916787309,55.53569531067793,61.27686294516429,53.389935138094195,102.7771206486176,S0304,C
49.79098406035852,55.365098435704034,69.95667489783965,61.00821398422605,36.92630217769036,47.4269999938221,30.52657525859186,54.562494885285325,116.62997733863324,S0305,A
51.17327383308782,41.015320182089624,81.09918556005361,60.61370964873134,34.021278655051624,60.82112312993141,59.7845780566655,19.55343460756838,115.96182097323123,S0306,B
62.77664895788425,50.281811573691286,56.06723059136183,55.32006198821943,43.69975020466106,48.70965884870216,41.894713701783736,60.21635213827608,71.51664799624803,S0307,C
44.0842861116417,49.90881003355796,48.168033812796125,53.61661061247017,57.31955502509846,41.48337825665607,58.56975536982786,64.36368034243753,138.23212134126643,S0308,E
55.470973811700375,60.85895565831578,55.345056484805504,67.61188124867374,48.0307819200311,42.410293010966555,49.315535073335845,39.498134626383305,87.176701412063,S0309,B
47.97807347566106,54.746982328799525,58.87655425873836,49.996863273882255,45.354189218843814,40.21259163690234,50.28775564080998,40.27701755265166,94.69870006222841,S0310,E
47.8231879677278,49.74973041254856,46.793323744428086,38.181258745791986,50.44358797515607,47.27589983396313,48.14902350578781,45.49746612221728,81.94691280024361,S0311,D
60.9877685198719,58.17766299200287,67.95211355912322,54.49473912832307,32.54292567140348,62.33724278336193,62.12129204233486,42.43995980543395,153.96657671874175,S0312,E
58.2541634898803,63.90207549017313,52.30070759191402,70.86047049537115,54.94705653775033,41.94904818969491,37.60411987474971,52.23926873946606,104.84141340575934,S0313,B
58.135096360006386,55.578103063518626,54.97743089091394,39.85240506814148,53.83435031403644,51.884757610181026,56.078403387350086,30.534747136411358,82.98049838636871,S0314,E
63.05478807154329,50.103526198433805,56.659242520544616,46.38537233306014,45.90691525904279,43.43310654372587,61.013301648895506,38.8207239196326,117.27847099924892,S0315,A
50.21003841632759,36.8816376764984,54.21586610614456,54.16446038101453,60.05924511796417,47.39690958728563,57.16340080540411,65.39197200174908,115.38271558620066,S0316,B
56.81952971294964,39.348863369246274,58.38940500469612,49.46095150994261,38.725039010469615,34.89958788014748,73.24698914323417,40.71780032651982,96.24545952840232,S0317,C
46.89733243406544,46.94775295645332,43.82746813453077,40.176964196226855,61.27908993253569,47.79461770843463,44.71053237275301,62.43428278102925,116.81213425566767,S0318,E
53.24166352488442,43.90487797840717,44.41698246053969,61.21857856230471,51.54493665595251,48.06294620195038,59.57304822593531,53.55338195590137,83.49416078338271,S0319,A
48.698569456323156,48.13028697014554,38.99845767028305,73.2004072201726,46.63447410121827,55.402879440356955,48.939093646585796,31.907322854117417,90.14163450101495,S0320,D
50.96995964992718,50.56649924897107,54.39501230620226,51.96131459023907,49.80126364631688,52.232809132553705,62.33406076352669,56.35329195216206,59.79566690867874,S0321,D
55.95157025436914,55.29692754356731,57.78936503512114,40.95931710264,48.92735234189058,38.01607875047955,49.923110042786305,48.823326978071464,73.52097831560874,S0322,E
41.81779316766527,49.29501221940909,54.57772866151886,34.51039474946525,62.20282896417717,60.84198244043543,46.1212421813753,45.44532943750259,136.15261611341373,S0323,D
70.9238727568546,54.86501643826202,66.74492433347538,52.57975981221181,39.23320872528986,52.10303040221996,63.06072203871629,52.44957093172004,132.82857255444628,S0324,C
39.93982618500298,50.6447441481012,49.94403981170954,61.038773433162575,42.37480760853402,51.98393517177487,45.0843806098107,54.746334855667925,101.31577297297925,S0325,B
37.85811387212268,30.245334336461287,56.687416555925125,54.751677464953815,60.3630289207248,49.90817646614861,35.872742410994434,57.0759182197462,133.25862894379674,S0326,A
61.581108735000676,40.606646061812455,39.08299123860686,49.97596159081146,44.04465064816141,44.8224255277778,44.83153116826171,61.78252847548002,96.7985102678339,S0327,E
57.91662693962936,48.55912444278385,46.12900297525599,44.107283482106936,59.00533077331592,52.17802339748726,56.19032946588533,54.081359127783564,95.13179394864184,S0328,D
56.24119817052155,37.90305257158892,56.95537757565778,39.0783636728191,66.99435983008709,54.75588435928582,63.920387515870914,36.243659112136385,101.13021296931113,S0329,B
56.2834550926428,55.99928729996205,58.491021107431436,58.34751326324882,45.98204973058366,32.53104308654445,51.11129375296512,45.26354542348809,97.50156809352869,S0330,C
49.87753227153085,65.30750832343698,47.060330523358175,59.13771621385585,56.81362326575305,44.61239162653904,63.181970672340256,79.43048335268621,95.69607352879639,S0331,D
41.02745628514168,62.18761851697317,49.28400748141933,34.54270213309267,38.46307718660142,47.45053029596411,36.41825078522406,57.244910603817274,122.86796214299105,S0332,D
50.75804558193726,47.86557129069792,34.821262533191906,65.89838978180684,57.54733298067809,52.56170605694278,45.56736535182097,73.69287300811497,103.00271307912406,S0333,A
43.22838288487888,64.90726136849952,46.42970799193391,55.74071220894001,51.99423985986767,61.93311005927126,47.11424882845899,63.95434082199185,114.24963528867609,S0334,C
59.75119733417751,51.486674572021116,58.90383163519786,63.99594645145793,54.73038282160215,42.28259185403218,48.8544057252748,52.41802071555749,120.62761050554661,S0335,C
48.52942618497861,46.629140288819606,55.75205016106566,36.57872251514885,43.54427927964605,45.02038153182158,50.84094388250197,53.01407069781118,107.76371591309467,S0336,E
41.745028032074885,43.8659733645906,55.0066572138121,36.34175844584561,33.389165844328275,44.8746588935345,56.909109573921924,49.63419960123154,80.59457348183523,S0337,A
46.78614158347007,46.975303135118715,50.4977368718096,48.51030690232703,55.03252064749505,41.98472409895459,45.5519316182951,32.621953841535,72.94268222071922,S0338,E
54.12931454275624,46.118231814587716,50.07063158628176,55.02784426895194,29.365968475205456,46.528135048877374,51.39028686953126,50.180472524682244,102.9756126961461,S0339,A
44.36275447196025,51.70416222375488,43.39678860526553,67.96360822926964,46.82649507757465,57.708022199879714,49.54877109675948,62.10674552542197,96.57487390350131,S0340,C
41.77779604433569,51.60573981049865,56.98828420202535,57.060789138151314,59.4118186641997,39.461645046356544,40.7411009610885,44.00360005178796,101.74782857840243,S0341,A
52.436872114919126,50.03046020153415,54.2097294438939,47.573187231879665,51.91897735873036,54.27814395152903,48.863333109185646,54.1195299906181,99.67891921502827,S0342,A
52.44966571108723,54.369381697463496,54.920188479927994,39.73630792334108,69.48342644789813,32.98097769981665,48.563404701028816,58.51591045893197,151.67147320333135,S0343,A
44.9305682462887,61.906462747863415,44.739651573324196,62.300005727191504,60.251091525817735,44.38662003557794,48.34919434996954,40.903195606875244,73.39547488717324,S0344,B
45.289616943816775,59.495541354413234,28.466570801287556,40.35294574249285,43.46101611674423,46.70510699782014,50.31759456581451,45.48697135656335,60.2010746035775,S0345,B
52.32049937357636,35.151020315500965,60.97152711753696,66.28468554772321,50.27313379851439,66.74859672914064,50.75673540613386,39.820885095228405,106.6475366703922,S0346,C
35.51915658502676,24.46078865098045,45.211625439915956,47.15615350393491,49.52629297455564,47.25197695247312,45.6770482089267,41.77834393310593,92.47154890823609,S0347,A
35.92536225623445,59.34319911239274,41.372242359568794,65.9058207261785,34.17823236653873,27.987565265490815,62.727147339712644,37.12394716346939,106.32135739459902,S0348,C
42.81555778747564,36.33121301584579,56.934789119139936,56.78931290059278,40.59601083515647,30.011110931387503,38.305193707969835,40.995515386219736,111.67766044568002,S0349,B
47.86552848288153,47.75234598107316,46.0798736008087,48.63004510557542,44.3923909302014,50.34029586346681,42.79029891530104,64.19455680797839,125.68209390357795,S0350,A
53.10907565598005,38.298869739406406,60.59936384046622,44.806036281738734,29.637794971440634,56.13770855789909,77.79963624223555,40.845229709097076,69.85548359232124,S0351,E
64.75356216949552,31.9801956241998,56.17005949576698,46.5909212265392,50.47493468251643,53.75455857627253,39.6200864501077,51.2645921906069,88.86564204285673,S0352,B
58.576596232020194,55.41462728204788,56.83569323200477,54.283166923752376,47.50928155346959,51.675701058009906,36.462453252902414,44.971312463290445,108.57522517761528,S0353,B
48.40061470036573,57.59155160302647,36.340442887994655,50.771564962177166,33.27106098688426,61.62259597505667,57.34476745001218,61.78865937036939,115.40927191374453,S0354,B
49.80983792097311,44.2348959927328,62.11943985386401,44.06188591931295,54.04212865277332,44.60408779262868,29.22880146226126,63.111622966036165,143.86899100576773,S0355,A
39.97470635362191,24.089577078550903,52.61250531233856,48.34368589682368,57.158727446909595,58.94910556026825,47.64726090027561,58.64069982138947,119.11407942227734,S0356,D
49.8148686400761,44.53755551747517,46.307228607537965,50.7857702971915,52.27034478864889,33.679851149735825,71.45824925076488,53.061345531027555,98.86422808227445,S0357,E
47.11341361079862,53.91804005402547,51.43388467342251,28.71265905585188,46.7593182479103,40.95052167061934,34.550640778466,47.68940463159102,82.19128494114676,S0358,E
53.227185603380896,35.21088431225871,32.2376476710168,54.58168114788699,55.91442151751855,31.929586050681838,30.180355142612868,38.081252958087504,88.71420294561962,S0359,C
41.727690564476774,51.83359919779156,54.08652811480671,40.20278775283193,56.80220360476691,47.25154699330208,35.00818798042302,69.43528881122197,88.14594354085787,S0360,A
55.193465142411725,49.846901508270044,39.706284918179286,38.46667596794255,53.074035697196884,49.53738782733657,58.98359568346986,42.40326982247446,113.10467257027521,S0361,B
65.32738913002578,55.792914996010886,36.47329714156466,33.1265565288929,41.75387749565239,51.1410149222652,61.247767199858124,56.636463470328415,105.13994891171662,S0362,D
48.91239851543143,51.19580368414153,34.77640813782109,32.0610750213211,52.76600765511181,50.61883352887135,44.87411203021491,60.59565572623397,73.52700858315643,S0363,A
54.01711722098941,40.26931059118444,61.12688374989925,36.44552496887711,61.95480650825479,40.72446669188272,56.83212404001069,44.4471950309467,91.28197061819134,S0364,A
56.90143991711113,61.965715016644914,43.707366063072115,42.9097904236951,44.0337094138827,48.097591555867844,63.9025532751199,60.38012527315962,117.55095106902841,S0365,D
45.987795281141636,48.4147042697303,65.337277099165,69.53259137526568,70.97939339132431,35.02553331394252,67.87346414429825,57.642132033388556,107.03324709948117,S0366,B
52.24092481810417,49.72695460490068,44.64198536947702,44.74120324104796,44.74369066014616,63.6322897513225,47.53664718820152,67.27963835381766,111.3728923202554,S0367,A
50.12592400781795,40.667320409268044,32.92642042407053,51.777501062680315,50.324070133401364,46.96373927101999,26.985282823300132,45.30653533573289,107.65843420114525,S0368,E
50.97676098548832,45.567177488084894,38.83475560051341,54.004813865063284,43.275144039936634,45.11113880956309,41.79121077590313,37.14135982720285,132.5286146921772,S0369,E
42.26990216144534,41.15197285973099,62.35811620006939,51.31065186215849,52.23270835920261,65.88940328444083,45.73195805064742,44.94510244555489,104.7208612764874,S0370,D
50.245101742589426,48.27053940076577,48.441018220633325,49.225565392740066,32.57778307364725,37.57753466450771,47.41061203421609,52.088535425343316,92.27954404258604,S0371,B
54.979982912454496,67.11708480142343,44.51712703509399,38.04706236400755,44.53958201183279,38.74412885968031,48.1214059899128,50.58212727085056,81.68489917732879,S0372,D
64.51143607795042,36.28098857068643,51.60018225852788,64.50927548279212,39.07878799651433,39.037796751314346,61.188945979306695,46.065621037254495,104.99218916419423,S0373,A
59.59270826085207,33.86438602123259,55.01782736167545,68.07196643637886,51.35338347892291,49.32128618300518,62.744284266875816,30.90802541022757,51.18591970449832,S0374,E
71.53182457511556,64.71170327493608,61.17398815902461,33.17341305877314,59.94447375508908,54.31631629637597,48.28326346075217,54.70482996129107,96.31421996334576,S0375,C
42.326524371119504,47.90676322848134,64.48499229892926,39.7597140911362,56.46006187114551,57.39675468117834,60.98484876051819,69.723444790822,95.88320280157312,S0376,D
58.723206367206785,43.309272613400836,46.40231354210914,47.20189657622994,26.283406391411077,75.7199531749497,53.57661366631089,54.642512381230034,72.71058292765439,S0377,C
51.83342005738352,60.39904687396076,36.73952313917962,40.35462205089809,70.4206965292788,27.50567545799236,50.64505972862572,56.09135519053514,81.43468322688008,S0378,C
71.89802933217672,43.94384460263136,45.86534838876724,55.05965553455865,52.95279940620868,56.08735589124417,59.06544157109964,55.72445306155102,116.19315060296482,S0379,E
41.91701714644849,68.26009713546937,52.60280506582886,42.71727797593387,42.23500859507,44.42869427427769,50.72252048237916,53.970466698824,104.61423498149925,S0380,D
41.602781578192236,56.77925871339269,40.36241073789389,71.65056067806603,51.57127918990941,44.135848511112265,70.57811177097761,59.31665966868095,102.03576667414654,S0381,C
44.00607354555978,45.120885918542974,40.428490851049574,61.90548594343596,51.761898225026926,43.80227871746122,35.61588833205441,53.95373681185666,106.12695067864045,S0382,A
28.76104275690193,71.57308213265503,53.437878815498856,52.12574030632215,43.331512830484364,40.91230329192027,44.84829100907982,46.87322830346724,101.85255175897846,S0383,B
44.74244978319239,43.94285076996662,49.51347648429549,60.26986263319732,51.97916667342076,66.84524834603451,48.7348110304605,42.04011089991246,124.8572512571663,S0384,B
42.40867338446302,57.42095372009307,50.327969954115865,61.059004243573085,43.92527712379693,58.422973270139025,54.394526904579905,47.510263447193246,102.46858363407297,S0385,E
51.50393786476208,52.99292580406492,42.41504665299931,44.36052511941757,45.95638007309977,50.23195978557375,62.67960487103089,53.141294964506656,70.83573772362499,S0386,D
53.41755975777159,63.01741289398798,47.69599285794233,41.83782755458035,43.13720864244915,63.51015752487,49.75601432763843,46.83917038877026,132.6025992974882,S0387,D
68.76170839215887,65.61511196726853,40.757668557316954,50.78143062969647,35.673287102603474,34.874710347011245,35.77770350493793,53.1433868313143,107.40680534657692,S0388,B
59.5042383818605,50.320041490657665,58.90198411124787,58.616361244979444,51.45836470215384,36.69294868669074,58.425138964550044,54.39150133700417,88.21492538409865,S0389,A
44.23096344337597,42.46582129653817,60.35249334723753,51.390603986534174,55.85299436516338,28.220322678053122,57.54958766141964,58.33179431270182,74.93196563409963,S0390,B
41.01585328651642,54.59972142939117,31.538121377619063,34.23003517809003,55.14883596076372,43.00585459876712,30.58141340620594,62.82794968838981,107.91828441916091,S0391,B
54.919191715065054,43.22284630247894,40.7048913980759,41.97175556049157,58.19925252635234,51.61698526704753,49.96195866329201,50.780074184788575,97.65655990051249,S0392,D
36.797667929793576,70.13387247526623,35.03470744909921,49.26027136405622,53.243402100148685,51.02858577932334,34.09858169319702,36.92223434852339,131.4829357206482,S0393,C
68.31458765854353,51.36535331082737,43.49976065593102,49.2433439567417,44.67274501783096,51.49341911059881,43.353489024979375,46.548959031808096,93.08185438666344,S0394,A
61.79440120721287,46.34678448687891,49.16562030209639,69.72542176789808,58.39663864431189,35.88943168933918,40.971910730372,50.44062567406599,83.25238420635065,S0395,D
45.30824347895295,51.84680305864909,35.5035478030147,36.14012057601002,36.42482460158065,58.03154742614022,58.09264698241986,31.642312438229098,117.91592436471856,S0396,B
32.868654709091224,36.52873710470303,40.78140186874687,55.055892418358745,40.993286174875195,52.39627518238998,51.16830174172184,63.88664520102482,118.50563785433663,S0397,C
63.538723741654124,40.28385961489349,39.960426279185015,64.8911310832829,40.357999285767555,57.330542814659985,37.144089992439724,51.423779125104666,103.3730273522039,S0398,A
48.85460154747382,62.00413907944426,52.07267329398944,72.71449745422797,60.8005605913931,31.07237822409948,58.800659629573424,53.81352834580285,113.52714095349816,S0399,E
62.378163119734616,43.43105721028604,50.6934433703625,45.95602576816039,59.42788514140076,53.1149085879779,35.661941760715855,63.65526462526266,99.24625758515525,S0400,A
34.05572341205633,39.5308901731806,42.78262446662747,54.914294527201996,54.87305237044995,38.12234760082473,53.301137904709435,43.69857169857653,104.67730202018494,S0401,A
44.00624977046227,55.36652752527286,51.76820872139398,55.69760357198647,60.71929865211797,46.026767474486384,41.85989330708444,55.7404193088403,123.29981765127846,S0402,B
50.05243699718183,61.85704154662997,44.533199154127345,51.95481731553291,41.20717217588012,55.34364898636383,46.3432291746948,48.90135876898064,112.50636668043006,S0403,B
50.46980593764742,57.18953310665067,47.283448896739465,49.01154798760694,53.485951198609804,50.91093606255913,55.04270748038384,48.159131329840804,96.6145112333475,S0404,E
45.49934528520756,59.960476858058165,66.73452090298537,54.35975389500046,48.74825571616836,41.48460020220681,55.21449399059529,42.278076121956204,127.04725091852302,S0405,E
56.228499323474985,42.43204911430539,63.40461051790348,24.677539147803145,58.46882103884914,50.06273156184418,63.3696907355596,66.65603213686528,52.70289254416976,S0406,E
39.32379570617405,35.78189333258156,37.004187630724026,56.820694900626314,48.847757674478025,34.68464684756357,49.17746300328547,46.24499959924429,141.0414662284387,S0407,D
48.576205149787064,65.01333651955487,58.29732417879175,51.26177903661967,46.15057111589919,61.50267395898296,53.06450862963341,56.99464246895702,65.88081810218529,S0408,D
51.20295631711899,46.77320161157864,58.11396554491592,47.77525103221735,55.4090851856099,47.94715980503749,45.62262677595675,31.249926125280638,87.45814350455407,S0409,B
55.14438834058749,47.49166983544953,38.51736711247382,70.46862195719558,58.76169167191233,61.18549944255326,51.81989882622798,61.79988529689787,99.18164929609861,S0410,B
57.1161487808889,63.281941418490575,58.18777643754861,43.250659812094476,43.31654805153198,44.73468312903957,54.394860480085114,60.52211155957059,97.07038658543678,S0411,E
38.75357908162131,55.5623000940066,65.37931918412554,45.96924010934969,49.38924328647624,44.76424011593417,49.01690152545624,50.97434110297303,120.1282208005311,S0412,D
34.65885829264378,54.55887772081608,38.77455193755586,69.91553302204734,39.41559366358347,42.35813213362154,31.962495159075036,47.73057533862075,78.84326762779531,S0413,C
62.77676821898509,71.65002344901083,40.824971789857365,41.679386951501435,25.019389825070604,58.76173931693076,53.31470896330895,54.00000005613566,105.21533634966127,S0414,D
53.323140119795916,43.564817696198574,60.17661466843502,44.49884717063461,52.00459631413729,42.905688426715244,53.64561477355457,72.8879066088029,88.43575803560492,S0415,B
42.51513463443446,59.278401280812375,52.71495310825648,48.5297457656915,56.08905356254632,56.445954324151764,43.19826523652049,32.36763301096515,105.90281958674834,S0416,D
65.51151975522524,50.570131248970846,55.514762752395235,58.407344821295496,52.620668090867255,46.1754760233071,37.15612963927486,57.82027387574128,98.70455480404247,S0417,B
51.156746342928585,52.68592278863257,53.40589216400497,52.078025073533134,30.50438282245633,30.240367001083804,64.75879150503965,40.883826978460974,101.85871305365956,S0418,E
61.792971840638266,65.28468426412532,53.90695920928144,37.07374652847737,46.491505699235255,44.29685932213534,54.91445510894402,49.80081603700269,89.00150335071308,S0419,E
50.67518481410109,55.07835756289624,36.73527871688917,44.6783143687281,27.816522399489187,38.208917856371514,47.70918969078291,47.52119880921337,89.79872099807835,S0420,E
70.60747924881987,55.38296079049633,60.47317706621448,43.92645566787789,63.69701107654185,50.33902723682338,38.62967116852513,45.716817422022444,105.74545028054854,S0421,C
67.55340842443204,60.72507337309802,61.69589992427774,49.22778954776955,39.139454178819136,38.09592264325509,41.781851715786544,49.89534870947271,118.87431011512089,S0422,C
47.51035851520926,46.350472704571146,47.70609255931972,54.25843658629829,62.55403609459896,59.259751007146164,63.02590396786232,38.6582885472221,88.03441331604304,S0423,B
59.71570950954356,41.607903326609936,49.56523050186138,54.18205755887972,59.45869643684146,49.08924139646973,51.37661940868046,60.291804361279674,82.6246491085418,S0424,A
56.45375949585147,39.55190805978967,34.68892497444278,32.23988245951598,40.994096474639385,48.22404005241261,44.49412932999294,32.058564888014,112.26920331343675,S0425,C
63.68631557532349,30.33643410623998,55.14254756017835,60.639409875608564,38.672150487322554,56.558921377875826,55.09689231224656,55.39764512828342,99.34992213884621,S0426,B
40.35076539419896,70.56207129940321,55.72057441714144,52.52568845996623,53.50370216386338,59.639069340758624,41.856018125536764,46.73464147465429,116.60996267971905,S0427,D
56.86051459998439,38.96791634278317,49.37808983000689,63.84532047593906,41.55675962816929,49.79901248230348,65.00843030280379,38.29075106192546,81.88405573257705,S0428,E
60.58424486849588,47.78746376414228,61.24353359870503,54.44198327290672,51.024846421582076,42.28799700450709,63.528005348967255,52.02383370598695,64.41122149153139,S0429,E
32.41260513576886,47.23186700111079,46.659227690200595,61.01322957735762,45.17172409193082,32.260303838878706,45.33425928797223,34.43048913293522,89.33991836347332,S0430,E
38.16741487334225,53.07406697809101,55.646059258936006,54.66545311450127,32.18841585534366,43.1395024296482,43.713297529691395,50.39713821719635,84.67294781469968,S0431,B
29.607678222398995,58.15737212539297,39.80335661307885,63.46225756202748,27.69531980875541,43.827877533520386,23.8186680130772,35.77123092188445,98.424231998394,S0432,E
47.305931655554424,58.60473488359745,49.76447849125762,55.22250636017779,52.26684248494597,51.070574529922965,35.18419228448632,54.61272084317831,87.26309571459221,S0433,C
57.17542255795962,44.16922561431062,48.25645742097164,49.02084753557096,44.38442253669375,46.54853118861973,36.60530225042244,40.756426663696246,114.82033902672899,S0434,D
65.02357052096028,48.32878286213589,52.25307922040942,72.72434720446881,44.469101830858676,56.87932972051428,51.351903409873856,45.49005982970691,94.23699475154967,S0435,E
50.74094780419775,52.825799504882994,46.304730711666416,58.89037122279892,56.95863839093785,43.87016728729311,46.7376629555864,52.93949387943162,103.00948997547802,S0436,B
66.28615545571292,47.51308873816453,48.68527404328332,55.73744421004413,61.73442276632445,49.42958833147058,36.54664512584759,42.27457888157764,103.15269116881888,S0437,D
36.198985417851084,66.07345576019992,58.26047171441506,37.23695583461664,47.27455278638191,61.839874431968894,47.188359575354426,49.42036000331697,103.89910184824375,S0438,E
32.96617560644845,54.90974951638251,45.63235762761782,37.11692382536462,46.594012930901386,53.418252139549665,55.05337147647349,34.86169498755146,99.51741779090054,S0439,A
49.44452301103381,57.348777860498174,33.93422899261321,52.92715482141853,55.001430331138835,49.39962458311435,55.27839349915587,56.30875603596156,110.21201380820627,S0440,E
53.840654489393074,56.628812686674124,67.4958390420542,51.45521197768241,36.43064430300424,43.98055558064823,31.00329719141119,67.6491380555077,84.08689732348385,S0441,C
49.67305251905907,61.73473857485325,63.814540786904864,43.858774349916835,52.23153054747697,43.66768603285023,48.71736519516169,77.92208867909962,127.98835853307766,S0442,D
29.325578999601234,51.81021558703707,37.07737304894381,51.4098269961206,55.51885971822154,41.493867470480524,36.1665922302839,50.91168146666439,95.26925233262929,S0443,C
49.10879960487212,37.03168052044153,56.897078052451945,65.88626928043595,56.80230208417629,44.589931342171006,59.01728697140274,57.88204140797187,73.76901724202637,S0444,A
36.95530499495147,53.996879517526416,44.97025229448657,56.954024745502984,30.63247297497535,57.55665838744314,57.84146416353499,32.19374327092511,103.76146713983546,S0445,A
56.69672548830039,43.48643106208171,52.634872153310596,38.589914902472614,42.38644730191059,47.781117287077315,41.019727736755414,65.02734326305588,82.9763903510503,S0446,C
53.66598246096848,44.713833182502434,52.94224129013494,48.884911728570565,41.217367471765336,36.502269306187685,42.339547975996,57.762285047241065,113.3066906901775,S0447,D
40.60120213672645,55.863640187550935,47.65592199683678,41.950335191474394,50.99886954409213,67.68169293059783,45.38732949501693,45.16066555048767,144.19211152084756,S0448,A
44.861330826633065,62.38283071433636,42.16234334413603,46.12300083591439,54.80744579767984,53.19965191145163,27.472066052686607,62.37180800289009,84.268558168843,S0449,A
39.40786478111048,50.21271576736061,43.094589476837406,45.86384334370357,64.96710407445981,35.9305659948683,53.35968173440577,47.455239233546585,106.6474466644797,S0450,E
49.37320902726828,53.088330125989636,40.83808084518758,45.22354417395995,45.05034519631927,45.58151072759176,47.27155453659869,45.41974816985444,64.88988822590744,S0451,B
59.551423205012384,67.02214944635239,41.681777917695555,37.44864628026605,45.024275016907865,51.10886382828418,59.70175082567859,54.753349254274916,109.07810458882695,S0452,A
40.14273953664456,52.407531794885685,49.328217099506446,48.7234531848181,61.49672018878747,67.04592093297377,39.01590782037447,39.366455001696814,82.2857240040062,S0453,D
55.040465155178445,76.01683114180395,42.842400108892484,44.3939236315269,52.96576938530305,38.91887541741131,43.80877051750068,60.21624764399948,87.50330763131035,S0454,D
44.69742381627559,55.65509645631544,56.820520657126195,20.70551309997732,62.67651511187974,59.760407193559466,34.93474741960885,39.44010188073157,77.97427020320345,S0455,E
42.07127167737656,32.39237240844182,64.87246155335927,70.52972024501663,52.88728003009836,63.99486426972343,39.95709436505747,39.49945210176814,114.6430245210947,S0456,D
48.929696400454425,57.53341621104533,44.19946758629957,60.88769654216672,38.42883381286729,43.7134569492543,38.18018003931781,40.90310211591665,120.14608714946525,S0457,E
39.64757677580626,53.81158384882778,52.39404500535377,46.23699275075004,36.668716452221936,47.22486381139767,59.959736788464454,57.59500037516122,100.46770429317016,S0458,A
44.46350694652818,62.897527540827454,54.996851103029336,50.188190497405984,34.48487750941071,39.6369075262623,43.017381512486075,43.83224638480292,82.7114658932856,S0459,A
38.021221074111516,56.73181351269958,54.72002270919275,38.28345652682438,56.620518347584735,47.96538858919695,51.24175684744613,36.520042156328316,131.79046072207726,S0460,A
69.6472513291639,48.615440160162265,50.759552679160876,66.95722877810866,61.88596823087008,49.63410025657069,46.19236596138195,43.94320000064202,84.99179744490688,S0461,A
50.35263551971729,37.757017637106344,57.426824183597226,68.97288694773111,68.4936214138638,56.59649998082371,37.30534733987187,49.67957629319513,56.75935400145122,S0462,B
43.00274492007414,47.90976742713975,54.82248952680657,51.56693728246525,58.431053323232405,60.90183471020447,48.316995768283576,38.19027516335615,109.16778019914136,S0463,B
52.13979910734222,41.494795457907,37.62337577672702,60.235306441853446,61.628385775349855,42.519039353783526,55.99103331863595,38.48318890965656,77.90450652716967,S0464,A
48.8767195030917,44.19476550195277,58.69156064389273,51.75286778933924,44.19983667346315,30.326749357740056,37.92240607456648,71.11296334099585,119.7721758699835,S0465,D
47.79030400466777,55.8857840442061,58.872908372667425,36.63274561124069,38.43584183256144,49.78755220723758,58.09112790731379,41.394345961861134,92.37724606653163,S0466,E
56.14166700043425,66.69904504351406,42.367138958214184,45.881766310363425,58.50079332417553,52.935375299686406,41.50279078522304,46.76957631226993,112.07426481088392,S0467,C
57.57507710047305,53.94671529822981,50.37937835447602,51.31927966771957,54.17680752239401,52.49417687685042,45.170160739271594,46.32762999200714,128.03000693104315,S0468,E
44.69498852389472,38.04116937964815,56.833289928110695,45.45452281256556,51.07444374340893,46.73326752490956,55.30683123010048,45.786431922295584,75.82282270758556,S0469,C
44.2418175935532,54.446026682201406,47.906861804206386,47.81346722564964,53.8737148063299,51.247520996639345,43.36563842780512,56.21346739969103,88.6812573821519,S0470,C
47.24948302848356,61.966314866456514,60.729780477660114,49.08600442490886,53.23185482458206,65.15444808352248,50.37574859335866,59.481429504720495,98.48657854685874,S0471,A
26.98078835264415,43.90217095680618,73.6387249461936,49.191215021345386,62.83816859853562,53.817341689625096,46.853091712119074,46.94045568468408,130.75102638068688,S0472,C
34.84808937801448,48.65982833327082,42.140139673650175,50.522584904974835,62.94985584816956,46.26631574996915,51.29368006703819,37.63521713407651,86.8323456411911,S0473,A
63.66874267444525,50.14688194729197,36.18955396846225,39.39394933603399,55.44220352340347,44.99802182904004,26.192608944765027,62.744402278489034,88.10992608101985,S0474,B
66.44967713501283,42.151016869177596,53.03818595604876,42.82983850872064,58.45802872562928,48.301476423222695,31.703181847919172,49.04658908803317,109.56281151111617,S0475,D
47.50963960443622,56.48280433843859,57.21562505126143,37.15415734300031,55.14062552424776,66.3673996183064,56.15967006046838,67.30321814857169,88.45542548578858,S0476,C
55.765569630557664,48.79051851392219,47.69133626155231,59.778155496862006,45.38830267965381,48.166992904738024,60.37181405649051,27.54414102434837,103.05051765795233,S0477,D
53.112501545435364,54.195324439070276,64.53260663321035,28.943530581596754,57.5656467491314,49.80205655479292,40.89513296468479,51.954032212833205,68.96925158063746,S0478,A
80.78880808455239,41.125078221978995,36.613942002767516,61.53590343316925,36.05504931140739,45.17686429063697,47.55971647828866,69.18606333876208,144.28659885113194,S0479,C
61.195749114345766,45.62541699676589,56.92918623031611,63.86349397262843,60.53891552295883,60.98983357441965,52.94719252902301,46.46735864561842,73.04581539381194,S0480,E
48.72082408519233,57.22381357827771,43.94139179241107,46.97819413017378,38.05477060233965,69.59837254744676,56.93217601658704,47.74506576665364,93.56494592019584,S0481,B
40.44459559399574,46.27166847908233,67.19377906207296,23.968629121727012,52.85803286794733,54.50613049431388,29.723227283291514,52.95511691590339,99.3503792831581,S0482,B
33.93553679742428,67.26963851233405,69.92515353168119,46.38689438032709,41.54846041573841,50.827729037854255,41.13959753021623,44.41204181115043,138.25376268713592,S0483,C
52.03463635867223,46.003638143853976,42.33343412216652,49.35815838711181,55.533889830744265,50.367828331742345,46.67420620150125,46.87928067947267,73.50308438134519,S0484,B
42.436492547156966,52.24684725751886,44.5044286409142,39.89401780071087,49.660747740720915,26.15693211214254,57.03140197236049,46.62184905808597,139.67408270957503,S0485,E
35.77746290402326,59.325908318730896,58.59587886979802,44.84781606191757,34.05244041836667,57.451508642848175,74.98430483721495,43.72579265573627,115.14353642204046,S0486,D
43.534271157574736,35.816342670669684,46.12869350210485,65.30195198863352,54.20699631018479,51.341664159958434,47.71994273190282,62.288565502005596,108.34190648846493,S0487,E
39.18451996385605,32.39191188019224,49.54588782067762,56.64927162301741,44.220792231672895,54.28342050660725,35.93022537896012,54.61078032296435,80.30732625964089,S0488,B
66.87141635072564,34.74343685429905,50.2538842054241,40.754358856219,58.81146720813369,42.88537805916295,54.02268077201298,52.50628232103302,111.42282484076148,S0489,D
58.816397569494505,62.62584103427182,30.803268438023437,34.02400830404568,50.01325688734407,46.15543121022908,63.2099578954071,58.085710068901165,85.530267551604,S0490,E
49.92027358683383,44.481418541075534,49.86162253905763,46.729826823902286,53.95420985388038,45.88975063496827,51.08014120979501,47.35644166796533,125.33322506396824,S0491,A
64.79944138890026,75.58199285668252,43.10272225935826,47.86543220649562,40.42431044984788,60.21622984073039,40.93351454845707,42.257961816470996,80.57875941784533,S0492,A
50.77368307647618,44.357524013426115,45.06877177600228,54.96199187363317,44.10667768572638,46.212401633969066,59.579939414800194,43.973756953854426,97.73683011087832,S0493,D
41.38715798671736,51.84551303197037,64.43632003468814,44.64683287432341,45.413613638989155,70.82660322109797,56.63545618498435,50.01783041104609,88.89453823973656,S0494,D
65.23124077269657,65.42109952567876,37.434931057207436,55.114995753618615,58.56702480242556,54.308624190150375,39.73919155804376,39.40788291627098,80.2495407514601,S0495,D
55.38910043684659,70.06092888159122,58.132051867479774,69.35154040060229,66.77377087805489,37.243173400042686,53.81425617534342,44.997389834133244,114.82639633815829,S0496,A
39.62753845673544,70.61503576636397,47.21037069668191,58.15501022444263,41.94828248257124,48.71453706748043,59.97265567658873,44.838833581285655,110.70917494819267,S0497,E
48.09661321916392,62.083662305931426,47.202398315041656,49.519114926692275,60.7684814465768,43.48324877843584,61.818900425588936,71.24556229829014,124.18020397801995,S0498,D
41.24381746615243,60.240625258114626,57.90371896051711,48.16849528946705,28.30322582274298,28.056175301799758,49.33551024690544,22.261850600660832,64.40249783583666,S0499,A
36.172002690356635,55.92526949201183,53.4005129456889,46.433268658201285,38.058105989077106,65.9947094011379,46.41920553820681,48.203802785943665,121.28341404682088,S0500,D
59.26177547531641,57.78361076166638,55.70612997219531,61.806409124521444,40.41221543813225,57.03142542220004,62.27273822081263,67.2569379281477,150.1089781071379,S0501,D
69.0941664047013,44.488142836714665,59.68184660532861,43.72686554048697,36.474913105592776,55.33207317899313,37.89839497019115,51.21844464132454,90.96717821646106,S0502,D
36.01432426180859,41.81801116577693,46.686916168166775,50.45222708999982,34.1641161021242,51.654036602997046,54.38579290921005,57.53417473421093,137.9029722421794,S0503,A
55.62969236690571,49.96625542589048,43.87763265492249,50.511979018810855,54.129989121377974,36.17982431307563,36.29973372635571,50.99826315099768,94.73677455880346,S0504,E
43.49357430878173,48.298153774750716,39.148494734422016,44.98215807188468,47.859323022721384,45.163828604445634,60.65376272259603,43.326666187835194,72.55180524877386,S0505,A
45.12874616235304,45.46771950672725,41.74589470021045,36.27534452115899,53.794053976051096,58.41780774784013,47.41954484388839,27.58084065491087,93.8873511518641,S0506,A
44.07606075761131,56.963874474567156,79.49094425308725,53.22974503617668,56.90472686121513,39.487799702174975,62.68583235647469,52.05455687036303,120.96407935350553,S0507,D
41.36009230320184,59.553052085705104,62.44679580736786,49.389960281446164,52.65616993172534,24.682306837491865,54.91412756355527,42.24393395397609,83.23647035336937,S0508,C
50.48521627944827,50.884068862918475,36.489256337919784,55.0024046943657,56.57763176150374,47.72893992219074,37.7677976993807,41.99664593834696,87.99322681987026,S0509,C
41.69049883588962,64.77530081055262,36.7754204325643,44.66399693560833,49.30467713757731,48.58242445972461,64.24627732077244,45.01012744020888,111.87078864586381,S0510,C
52.704568257798385,38.58310885866495,54.81866061718492,62.20821298813048,38.13006611694256,51.35563416414709,65.51245266427729,67.44861406623494,100.06120233477145,S0511,A
49.49761890550863,48.06340540720282,55.47264797377967,41.23226218788155,60.57814180820796,57.28518643514536,58.82286492599216,74.04837542253972,111.69245904973482,S0512,D
47.6105195313359,42.831776793971954,55.48883835317365,67.12040284017893,44.10887867218873,56.37605812231209,42.3841213496378,52.17207937528401,104.75659081516672,S0513,C
40.92436337958402,31.3346338292694,47.45044206446302,32.52363490171739,40.64403701237574,52.587698052439215,46.93986045642591,45.35232776088272,109.59250639103146,S0514,B
44.23228669431667,49.17319314157301,48.745457399970995,54.347700645568914,48.22082124195602,61.955313880867095,51.45427217405759,38.2277358254879,91.35397628380917,S0515,B
57.55391225825756,48.78252491616716,53.27879524159357,54.754306825266234,40.87189080703487,34.81030219186685,42.96289600668567,54.68540161546069,104.63461884060786,S0516,B
55.009171876243805,65.13449743242131,50.858930062933304,42.04442932059118,45.82569618010568,55.045818144773904,66.92346572463205,67.82905600065143,81.45253988608133,S0517,E
40.22444755201449,56.30811684554777,27.80699627252465,54.24393937861012,53.440539215634665,56.265383633369424,51.44326471726037,47.526596129748434,125.76867245006777,S0518,D
50.99332305429226,39.758131756707954,47.70200369424806,62.795186697601586,53.48341739246127,37.6043771391976,22.966519528926426,26.21003959246776,87.31450566365373,S0519,A
57.51387123371789,68.54092566334188,41.485935657396865,27.831811606459354,41.021699335743705,34.971293913176105,53.3935581275622,56.700496718155236,122.5769497509878,S0520,A
33.305947188786284,62.21033695525353,51.75211418908512,55.02744807490814,45.12294627051256,42.54057873524398,46.51842603182687,59.853997114500494,95.32786078034269,S0521,D
55.43360192379935,55.82097703468616,79.85259002603411,25.067291796699223,60.743330047702436,43.38458557484708,49.25073443881552,34.141543596141524,104.03998021514643,S0522,E
43.37376241054153,47.73515901150168,53.67481665474304,40.34335196476792,54.96400117733941,57.534194635024306,46.313806342143,51.76484183662953,90.10070898218599,S0523,D
55.70598668593159,40.405607632765204,46.86470313827602,66.29166364900945,70.75065039348542,43.85461216308905,58.07046416606687,54.512260161360985,79.68009137663941,S0524,E
42.367408434574834,46.27793223928947,59.21801501977252,44.18217966607946,61.80128173741528,41.43651481718796,61.196877785533815,49.26892697991062,65.10479224789397,S0525,C
31.95117899335481,60.88748619704186,54.826878872092124,38.261200355910276,61.44293068559939,43.883662633054406,52.830531622586534,42.09229080914646,78.89351682815081,S0526,C
33.72457562116837,68.84586305934609,54.200944904518416,48.020622710153184,36.12131449544198,61.18632334154212,46.60688812861841,60.15937223563556,93.52182293568157,S0527,E
50.48084946661382,65.43243528272188,56.06850593215671,70.67906338163553,57.63860351633423,50.13043374376952,49.5866279519083,45.966202540313176,104.23758357657768,S0528,D
52.59722501721482,45.11150578213726,70.56543564829542,31.68317752793974,49.46893198303089,48.20748974643088,50.195996165776286,35.14813837300068,120.20758626566527,S0529,C
40.956833748955916,38.80382566710989,38.69111564674084,39.48690088360655,44.490181964617506,48.899945012989484,41.975699601351636,29.50525514330319,91.08485080406302,S0530,D
56.38592458777374,51.40886246911204,54.736320768114545,64.97431683179626,51.680153405325285,62.92060334326523,55.789286485712346,62.6084951999931,82.36078471465652,S0531,C
33.3847993773104,32.31560634437149,40.73618870018461,68.57702343537733,59.45211534611484,42.50828273396758,54.60042323860466,56.166639764711185,71.14570427994575,S0532,D
49.33920201352684,53.23167714184781,55.55512646342248,48.96568775709716,55.008315910042114,63.15508290940104,65.40441239776673,50.87973547129169,109.60127235808207,S0533,D
37.889838002375434,48.52397413701331,40.81313488513906,37.60947297473358,41.2152619865794,52.10496298921504,62.55349780288475,45.59725363149197,127.66389030658686,S0534,B
43.48163892197841,45.33963498131758,45.82633186394916,70.95843501809159,57.424589135926205,48.395806180246524,43.1432508240987,44.71001585796873,125.32660535912578,S0535,E
50.47398671316414,34.05296932733204,47.049100857620935,65.94442391749197,43.62412457924036,75.00900497934282,58.20298374508965,39.24263351558389,114.19865496294474,S0536,A
41.39586634716048,55.136001065697165,59.75816719344709,56.78946987762233,52.16683118964286,39.44360510201403,40.49046616905528,45.685443554401154,112.77086634535198,S0537,E
46.154444557701744,44.672991603380886,59.18454443942414,41.8759765106258,46.96649932522866,46.46314240432994,56.9593210094085,28.799127848798257,133.9524755941868,S0538,D
60.0629280921444,38.30083164289712,37.542826235536154,49.50970659161963,47.811337482643744,37.67568760835999,44.83385801239892,42.63936346531486,106.64162922833621,S0539,D
44.23108130476851,21.277377867183507,50.54934110999849,48.396399189551694,57.662429750405096,59.524619705361694,39.76746776624415,46.89062483648906,112.92259352048343,S0540,E
58.35692112065142,49.724850949493636,42.904201452508275,53.30851304615578,39.598062801841024,66.89188933651678,52.800453426974045,56.09880047190419,93.58432276296001,S0541,D
38.702931453423815,67.72251596669744,37.414950893246655,64.51001438131337,69.45195074276933,66.6992278140464,23.25432871845859,49.60073536626636,72.75913258290485,S0542,C
55.298041779152825,66.6125921454787,47.82982949575629,58.79417041137403,31.789139307055038,62.23948753146004,32.490244255947715,57.94923113875559,86.32302199000847,S0543,D
64.41568620657901,45.429037434137285,46.915172115441806,39.226239230152416,44.02332316745143,48.02379532204034,48.22508116225717,63.491351051134295,99.8168192293069,S0544,E
25.283554998727105,43.97787939638219,74.26716486345522,63.764964500195376,53.70211889941741,46.347590225101534,50.824417666348424,60.58170093824101,101.21570745002606,S0545,E
42.03104744529523,54.68774256075024,54.32959825360696,53.131321400131554,55.8431416643531,33.28830227505935,46.30681229841811,54.70509847378557,138.52571709710787,S0546,E
55.7707212718054,40.016145608117085,36.22382499245763,56.87065795858916,48.99524279428295,70.35873535181793,34.20563701282401,50.11862679180784,101.62554335182138,S0547,B
47.96954613957007,53.01791899819466,44.352259958290574,64.66540859278604,49.42609296998457,54.68978078148468,41.821081578614944,40.19211991586441,123.57686888051288,S0548,B
53.71145873371309,57.660802783846904,60.213832954293984,38.88419750486449,54.10550085327617,45.08043095130517,53.91209327237394,57.39944051379317,91.29845516847368,S0549,B
43.960148132841795,62.26933223884308,70.88442772869925,49.64174421293537,47.6893052254232,63.28056888986968,55.81781770628363,66.7974738222153,93.76648228469531,S0550,B
50.865897874729,48.99845923520047,34.140166877620416,44.68545448640785,63.93181257934906,40.27235483239999,49.83776882404059,53.42106039650418,73.41984725553104,S0551,B
48.44322764607921,47.96326249823034,31.20075614860955,34.32140574634544,58.39349114231602,54.06622034222674,61.56833781036989,69.17259148426123,85.15343974246856,S0552,B
61.67782061659807,41.22017413243439,68.70965175371782,53.467099776049196,58.728243510056345,48.27370865709165,53.97397023459234,34.744282919389164,110.53962782727507,S0553,B
52.54420843301213,41.7311964596014,53.89614177370904,75.11556551584424,40.33843276629583,56.386771398803006,42.525443460417875,38.45836615220459,100.15120360788266,S0554,E
53.37602662075202,47.73521108098473,41.31707268123634,31.59922255494247,49.206115755942974,49.36426460813878,47.194979465883826,58.55201507748262,118.85877239794468,S0555,A
45.881230338775325,53.67365506816178,55.346290861224354,49.6771938895053,46.995340512792964,35.49072108888776,35.97133842792145,52.64290210153251,103.625078966901,S0556,B
45.123937759275066,59.13584626233249,23.64252260983122,56.40542935074774,39.94398624310534,50.75576372670038,48.918610096085835,63.13782176571807,92.95092536724516,S0557,E
45.67441812180379,41.96821049319655,50.03375506597161,51.23078201656181,53.60164183945767,60.48864141875362,61.121006192213386,49.845283592732606,142.96593727573918,S0558,A
53.944521423782966,64.92688568959522,53.278211728430854,48.86871947484259,44.62354242220184,49.70783594146015,56.85290084710968,41.32024577471668,98.12192862573906,S0559,B
45.79015519179737,47.28876398957431,59.2427013953783,37.007836365541756,56.55403829850237,57.75115121589086,64.02009325919121,47.86406757794958,123.26001939410608,S0560,A
52.89774856896413,49.78632705651564,39.861040477074624,52.327867429401635,39.29808437105668,39.54470514325947,46.97114756201007,34.67316029076266,91.97581586910644,S0561,A
70.75400798645438,42.527883208521764,50.856871614033594,42.43236022984074,67.1904061284182,49.73739206730148,63.46099794514258,38.714093269029654,114.19198958767133,S0562,C
58.711247034316926,25.757597397270583,40.74575373940412,28.100782950214466,41.03667341407938,43.75489544911423,48.066957735520305,59.724439979180104,118.56031318303374,S0563,D
46.73976467832159,58.8404539636105,52.55383755674317,61.94592220513731,52.19302337200436,57.469808401047096,64.71585082569894,58.7278741446961,104.16983941151162,S0564,C
62.012139221639444,57.36843897092433,41.04653677636976,59.58385819842042,57.918593103880674,50.31491562261996,49.781432525578765,53.63004284806077,52.910341546067954,S0565,A
45.91924626978449,47.18672442881787,45.918991608397796,50.5166097685108,44.293595697998875,56.900736763366126,57.072313738042766,32.78922479039531,100.36504921712226,S0566,E
29.61875464822146,50.66990717224872,40.04184605209771,52.29074688205703,58.52468643432951,60.87710426157866,64.75112364309855,46.41596424487111,124.60920095519951,S0567,B
39.91913689082596,55.15939217704099,56.51136241823657,60.74318012715561,37.70816402199584,56.91618575121388,48.065723714187946,37.75000111339949,110.5496166605546,S0568,D
31.292080789741444,34.374541431134574,58.58451116656666,52.24339656778083,64.5211769918256,52.731184342936444,52.18388987544174,61.765332537877654,108.91677750458493,S0569,B
46.48486515958692,44.70947322653705,47.653794300425865,59.040175547613146,50.141492649657586,40.017877414885945,62.88863425206302,44.16277866437399,65.55486132084962,S0570,E
50.184183791895514,57.94264679621827,50.382379949600285,47.0251779912615,44.0358859203112,49.972138893330985,48.669968360699364,39.1425228921845,85.59089858649882,S0571,D
66.76437312275283,37.45710576830751,35.51408585366456,63.119837385739466,47.00818227572566,44.66909597984167,36.79107717493839,50.297961651214244,108.22715262302879,S0572,C
53.269273737641626,52.935579321666296,47.00323351993213,53.207857259326836,58.089192693927195,46.55936043295773,71.4300705458491,43.59845543165388,108.20766553573785,S0573,A
47.80899471191136,36.43418195376595,49.49795382958255,51.94051943605874,44.155447081495616,46.25465849249749,45.30235535662863,64.83743910203707,124.29333560265805,S0574,E
58.294055811834895,54.66429982433527,76.20793091029975,37.29938911287968,42.50642310577223,40.20074425217756,51.58756050937543,42.65189102465809,97.10266489707811,S0575,A
27.88864690992115,49.643585177025166,38.88032974225837,52.869558543017085,47.78463402416262,30.4266141086601,61.56006669451127,36.00771740775369,108.11648173347629,S0576,A
52.356145581085656,33.848681840944906,64.64177238752437,41.68045082505549,38.23037887230032,43.318569516722334,43.91506096268798,28.470864842424845,100.32748483862588,S0577,B
57.708651938869664,61.64739354457171,59.96858773465808,43.617172734715055,68.20543907941816,51.93379451924159,39.9213208677787,49.69213497586585,80.26114526996886,S0578,E
35.214137542201584,42.65408423201951,52.806364044901365,41.846243716838785,44.336054087852766,36.5182295457251,52.53737296774833,44.38069886142074,54.88417337810505,S0579,A
61.43754043206929,41.89747562985619,67.58620484195134,39.33765068100775,58.31616786180403,50.15682236471624,32.069236020876104,35.71095393488273,108.62019384260154,S0580,C
53.38496407494414,52.00569197230943,53.72105472606863,71.24771403016962,52.09470083647773,69.00268424310966,47.1209392313208,61.89226461255785,103.47894416825622,S0581,D
45.847120860991986,61.48637349428715,53.891591956679285,63.31339061988403,40.15465949518032,60.23056555252239,52.45038664315406,56.672451474292416,87.63649915799662,S0582,E
56.32781866106285,39.841781810216034,49.46879346982455,69.20367502144262,49.940452907872704,66.4354150912053,47.30048103174836,49.717821210627704,67.6165388696827,S0583,B
72.70692857804396,50.61679849847972,62.235688824186276,37.77104980444436,57.84002779310748,53.91127876932726,34.56549056814253,63.643262441708664,112.59479028817476,S0584,E
51.81866255058495,54.28816500330573,60.96469233810883,50.712537499108926,48.11738664913693,61.67509822986446,65.94177956204013,56.62536033398613,94.68159851608895,S0585,B
52.48220586300336,56.93105607263144,43.743227125037876,37.06492374795904,61.93112945851028,42.760352695322126,51.03538153949175,41.771440984815676,111.13749444736291,S0586,D
45.40639100459756,51.76441555277225,36.80752805401232,43.04305122802936,60.21515392781864,43.55659732978016,64.31152117761741,39.60779836009234,137.28097060823518,S0587,C
41.50155630535208,46.329721609166775,47.97019362604343,40.81873016583425,59.1891485465833,22.608597938625273,47.39963749819555,58.17981544453861,57.1713823936059,S0588,A
58.303358165442454,41.724097793512804,41.999614356023535,62.395840064415616,45.40343227727003,61.861454740422985,41.19988018309236,53.96366956467351,86.00798382595272,S0589,E
41.43916174091133,50.86143883046375,49.36475425384645,46.0377032189824,39.20157552218513,65.40323979819885,52.691809202551596,51.697477679706616,95.81248773376174,S0590,B
50.715662372193925,39.27860988014393,62.37438134684139,60.68379333694016,43.864123946372054,44.4682275465273,47.842128736717804,41.535021971310925,129.096523482933,S0591,D
45.223425532348834,20.78649516505393,45.4269834491321,56.04120889588518,51.962409406667206,47.460482936027645,38.22238542008642,56.07947567005754,67.27193961587031,S0592,A
54.78979825746392,54.365598041576675,49.571766186884254,73.03638752104789,55.45786713532355,42.46137886309039,64.69784258787496,42.44501116866051,138.7172205136121,S0593,D
53.33662105286948,59.039348410861955,50.58022734808395,35.20555776860276,28.284285952395525,53.82653551477492,43.77729777106004,48.98013345406322,102.71711803132581,S0594,C
60.375399442578995,26.370675644581617,58.484308822052846,62.59233239786799,49.9188679838825,61.24932545303241,31.597336152044313,64.4694414638698,98.07998676532283,S0595,A
44.89983601145253,39.90269295290062,27.53110666015395,61.464408704007276,51.580892253231845,32.57228026118959,63.28166053957332,43.39165764189854,96.03880473562187,S0596,A
47.30125064706629,56.191542610051975,43.932997052347034,40.26621161972965,47.224557436844485,54.094385306422524,44.957019841873766,34.27010742927139,91.27473935639942,S0597,A
40.21236284217693,70.574954697117,52.11283692279473,60.0713333647316,62.91273839015879,47.233282282808545,43.921761073843754,39.4745280812989,120.9623351853831,S0598,B
45.55706739923888,50.20793707675408,62.000789564268615,53.361449630262285,54.21780074250871,51.13394391966689,32.34612412970026,59.942988266876235,78.62958491835123,S0599,A
53.77300493044852,42.71997058770866,45.08097552493795,47.72523740046592,63.10191908080897,54.58994001674291,67.40941486596991,52.547311373802096,106.90828363287707,S0600,D
57.56988616645352,48.1710355889516,31.23447293958126,41.760645130280004,47.84039479649768,48.11797561227179,37.105194127903125,48.71122621311246,92.31636668586049,S0601,B
40.77834675822375,63.74876419148185,56.197114459661364,42.80890548550814,59.37477492506925,48.964131465942195,50.5844948070565,44.90906194688431,84.75733102971805,S0602,A
58.6960592010566,43.54035820875465,43.646376111743706,70.49812095785926,66.35066394527519,47.86124832445361,59.1262032254044,54.8535990755319,151.71950351367792,S0603,D
63.55637858804951,42.00807993349746,38.103333409096386,50.006828189574826,63.116934492726614,59.70316201788282,54.21716933003097,41.508951490097765,108.3810146950692,S0604,D
54.13434903223701,45.17256477817968,43.75654610286776,57.82130001531459,39.07858406571267,54.18759960127497,49.40345688007808,53.05665568642596,112.26531089322287,S0605,E
68.76795812558066,40.466713917412875,48.1547464234415,42.09100618332447,47.46323922457619,52.20583537737361,32.98334141712584,42.68745431187043,122.75553561337324,S0606,D
42.26210800896427,51.22670315994795,43.952553354617876,42.201470537783614,46.54835294550204,37.290482789077174,41.90275164232716,41.02340614724946,71.57300109362906,S0607,C
37.55345296688583,66.2467845846956,27.944339429009307,60.81984809249942,54.89254535076328,46.214202567868455,51.87800338042522,43.62512565174988,135.04583818244063,S0608,A
32.212797510957216,53.23079273116029,58.970661968871326,36.50423788448468,56.86353555014533,58.98669160339174,42.12825930013004,46.24592553516038,49.82085643009849,S0609,A
64.96044311489183,47.47646497873713,62.748750412787224,45.847862320947286,41.61107325974264,50.37696573123923,52.03359459998768,49.51170164066297,84.62467179922959,S0610,A
56.54365656354058,47.08188731084456,56.51521991339506,50.34027411072232,50.67838513916938,56.59531469589138,56.817434088151415,52.35455795111115,90.819366536422,S0611,D
49.44415329089545,34.36809191303343,38.62314329575183,51.11372601840053,29.800726678438636,67.66511800327633,59.625028858001016,13.11634708571556,111.63446729941012,S0612,D
52.799686263198204,58.83109777147159,47.98508466052482,48.20906714983844,64.4194500580189,60.386060692088165,37.738206421873166,41.92349442253235,104.37436532282976,S0613,A
38.74510952701623,49.22162802987198,49.93478684770542,53.958197810959234,44.87625759323306,50.93158337699742,71.96646054978955,46.08430022643961,96.66370518603213,S0614,B
74.45751979616827,48.19520086409374,55.987943895619104,56.92855755817811,50.55863939844497,44.890108298042726,57.674793445541304,65.0506203860833,99.76005310744553,S0615,B
51.292211819752275,81.93107567844861,56.68340488718081,57.3463754545933,46.90350286011939,24.464504039441017,49.98285846330936,39.19997391617868,80.43953952954864,S0616,C
51.09394794604893,52.98752908365686,42.65826201221504,40.14196191332174,61.46027575013415,48.316150775271474,60.89536583076641,51.627966180999124,70.05535211031653,S0617,E
57.25766623898692,42.48208949904816,50.819955564135604,47.15844902071203,21.62493558602621,46.73987504183151,73.65407771999973,64.95030309735837,114.5302324467212,S0618,C
54.810092317367136,45.736424037944566,54.57280404615241,61.94762861876938,49.83389657674091,53.90366194395376,35.612798989431305,36.870314700527274,113.8741222507237,S0619,A
52.23884024279131,61.48445709196755,64.55822322146767,58.94647187573872,48.94181242502302,48.460947730253125,47.74737357508646,53.93975225864402,131.68988750314116,S0620,A
42.09525544554688,51.13270410537764,57.04506539824723,36.27140548518936,45.46363612408317,46.79614940563206,26.215683401266716,41.977281660654796,84.19965806369584,S0621,A
54.714683571359956,35.61722021682633,57.89056687375519,53.514799003522015,67.26226545635632,32.2060106949278,51.92651532648025,44.95366257710766,113.85630420601845,S0622,E
68.82024496475034,59.19228934575204,50.838266279293606,30.217747506251897,41.12670541144229,40.60032170849934,53.65394241925141,41.96889166046685,94.32586543270537,S0623,D
63.454200461549775,43.31855914461006,64.10459145203504,50.469349020603694,57.71796177235661,54.76651040800557,49.6083788455724,42.68142691584114,123.80949970386965,S0624,E
65.93186626639397,68.73297776217545,54.09762795959497,68.97767016745976,53.56252788706084,67.15907631132694,43.4546642900169,77.21912147906494,120.43925553356283,S0625,C
44.88784323568815,60.80048065714649,41.389120898264295,40.521072827310135,62.615192525355155,49.024746162543764,29.50485483811675,58.44455872071666,104.22418798448913,S0626,D
40.10395179741419,45.52678104341249,64.0336997012519,41.65676954508418,43.32810915222495,53.27811073574124,53.73533683411769,61.01737861786209,93.20939686668027,S0627,D
48.74213079900352,62.81016361735113,56.979032725390276,57.640297815728594,42.67031100876241,59.52478156952805,64.55434483915325,54.91993486836496,119.21864357216523,S0628,C
50.557249122886944,50.678555105274036,45.569559788715175,34.571984847903536,60.960699074773984,41.891060637997505,44.08981544266568,33.93743211598042,112.93809046513131,S0629,D
60.94191518470949,58.52773675122219,45.205070326007565,43.67244970114961,54.253213083301105,53.66814043285442,54.40059929023145,53.94957970323307,86.31119195827635,S0630,B
33.07535370285181,54.84732817294475,52.96575545140762,55.96441137581753,34.55062653323242,42.59509893667841,34.31855686579949,60.72929614507346,73.44402653041138,S0631,C
65.29550319460614,41.536433450091266,54.63184795267585,43.65714152310597,44.6069498553673,58.648244384910114,54.57213063692514,41.466005259608885,94.22934198636408,S0632,C
48.419921014210104,43.56450167682538,51.972922656312065,47.640300127890285,53.86382653848061,51.514030479517324,46.06617702255343,59.65326667161126,130.3082763069642,S0633,B
45.7311893005258,60.29960817581161,53.11308673442885,57.44185710315035,58.37764221546589,52.9845181398144,42.375820493970856,57.04336209854079,122.92974317466076,S0634,E
39.87895624739832,46.65224667893459,66.9995737457638,54.21546083536561,43.207693468070445,42.17401402581411,42.39636358783869,68.5204004481367,77.75345060658839,S0635,E
33.451433281342304,45.96351536758003,60.71543152234886,52.66818396295402,20.85744010183059,57.07032359610785,46.0638841796699,45.82216987486381,76.64485168200159,S0636,E
58.231705839619146,40.44877420650647,51.90635591265024,46.60877720729961,55.23223185737033,70.84712921231016,53.824333156925356,39.023890177242734,125.49367699358973,S0637,D
50.73317967188404,54.235990655934614,59.41310580767483,53.700611152689554,37.796793100560244,39.92088304571794,36.87836798804482,46.383718906274545,77.28728190484341,S0638,B
37.10039100258946,70.62524919243145,39.674760964724605,48.762673199002435,29.826612018775887,46.60240992352476,46.02884668432147,64.35570993163623,110.18590647284016,S0639,C
37.04921227936384,39.32467085745727,53.979270499468086,54.57805609925785,21.676740750158594,52.31607474168092,49.58528222000852,31.71594119158037,87.67857569327353,S0640,C
46.64215300709872,50.24219456672758,68.0930634973311,45.03067974882022,58.139808601977414,57.86406211995816,39.00960775468141,29.31624284568968,132.34089849043366,S0641,C
66.69021525289392,64.12220555415429,47.81954104607626,48.17431025620459,51.28617450404967,44.40453714710531,67.96665201675017,50.89395278931613,84.59150401724243,S0642,D
47.40408648636395,49.203586087542845,41.52366071380915,40.10042207447986,47.74343619287748,21.6696970985726,41.46504519938658,45.57410707225844,122.86723060411657,S0643,D
34.96857046881894,54.52371796249734,43.4791111140694,49.64992389993764,63.89024362962762,63.59189494164025,43.305630863665094,50.077278931756844,103.6971730812073,S0644,E
47.54256935914056,39.376064718531204,39.10366962657612,41.88999136371155,56.37324683023073,57.60506119584143,40.21692050177502,59.45311771235865,105.04389708468574,S0645,D
47.27276430252329,54.28307097207649,42.15238091872297,38.85953549838007,66.16300042721917,32.57052469513335,67.98480087138117,44.474306538811476,60.593828372971984,S0646,E
23.031133570584284,48.12855734995451,46.29491901409971,52.586611478553884,36.072645278330036,43.92431208220444,55.529052285994815,31.269941690693795,55.941732935885625,S0647,E
49.45705133482188,59.85729995679863,35.94432980821358,52.127397758576606,49.65449376046036,65.68182429527326,40.63407993756358,70.44481557199944,95.58868119465372,S0648,C
47.69065469791322,61.87386051564751,50.15618333949603,57.82873734948573,33.83286625051986,64.47796418457867,61.06231558859969,40.02771712561224,104.93812126833224,S0649,D
56.96206364813418,75.89563642018614,59.02277173786647,45.68874430424901,47.70617668144533,59.38640022678945,52.00698694288878,39.40962877987903,77.49604344524553,S0650,E
68.48956094945345,55.796331732135755,40.9224381985308,54.08052846836756,47.513841462333225,48.238875660401376,52.57253421111502,61.037200137225966,78.22613179047316,S0651,B
61.26565029547757,53.257963165821664,65.19283923641768,55.50797572273663,56.26613637263071,50.8298741881251,46.55522791247547,46.15510878958482,111.22945259652266,S0652,B
47.31111309445169,51.94384301577336,55.107920885275945,54.44773807831595,50.455638811418986,48.69074194873873,42.505840130430265,49.366101479651896,111.25708960914261,S0653,D
38.934740912583294,46.46833707189312,60.305805856240575,41.743463171978576,56.23407138279916,61.282397832688375,53.37766099054601,54.82790124060318,97.24517879224146,S0654,C
75.7335980324986,53.38483843461691,43.42165446147863,51.49363482271189,57.03440133138894,41.2415759350489,44.549127700044096,60.83583103109996,115.6040344237215,S0655,C
50.59218434014488,47.04598589860971,58.545252270666154,53.641402960546614,71.54928677383143,41.94200345115795,68.16755629575104,46.66539306818228,76.51595408559707,S0656,E
50.13929291912946,51.68460976269614,39.08066099604687,50.07178466907942,46.847033447138756,60.10274586836016,37.30708894756896,65.199520059143,92.88130165826058,S0657,D
49.758749128899964,63.1759753560796,58.90247500836509,29.135223416289154,40.58977299333621,49.556385444884384,65.36156772854946,28.642001512651944,132.95755211567348,S0658,B
51.98084760767855,39.934574347203586,51.718393397935316,51.6048962397348,52.46083615316409,63.78467355453808,48.88681151202199,57.59787236953077,101.36644259879635,S0659,E
48.556395880760576,61.39878561129045,55.53251219984784,72.12531039397243,41.97719972860457,43.28487793019454,52.99085734021106,41.60472441982343,102.52625029173998,S0660,E
44.26337993119763,63.17115067339866,38.24405394375148,46.39960731243017,64.81960768436537,49.452216396611746,58.33157766629435,63.72271316607991,146.1189317193548,S0661,A
44.53141058759608,48.81931473008921,41.049301577233955,42.719229021446786,47.167819610547674,40.77587015156047,43.69750704995564,51.42044478830545,72.01315668302459,S0662,D
49.672467297840015,28.781451009914054,55.972282182533846,53.73348559711398,44.3442363212601,50.07362681423567,58.642483846986366,43.27094667990598,115.9286073328422,S0663,E
44.56575228866235,43.921780129055676,40.51651995775799,53.123782104665715,45.28684278848882,35.21453063001201,22.92456144618823,56.628410930216326,133.279725596162,S0664,B
42.871542173228356,62.96994546561109,54.63206292099123,61.92735165416414,57.18417423471641,45.123665790450374,42.80010466778061,58.93188347207251,93.50284147002908,S0665,A
51.064302276918966,49.77131937701118,36.32862193539754,37.42131844091112,48.422530167685146,35.63746135071882,40.759371926589345,56.418941228586384,117.19261573709693,S0666,B
47.450227825791444,40.00697767705089,58.48174212666668,57.31380252574992,43.58333179869618,56.93923233191258,37.464939876282386,39.703037603669394,80.3596100557819,S0667,C
65.0399298858269,44.95225078771782,37.67476685231491,55.904220612514635,66.6535191762353,57.16589339759652,47.85045161921049,45.15982876377915,86.26535208865297,S0668,A
23.490301916069882,58.40620026504553,55.522999376795234,48.57853463059454,41.4383015933825,32.697372695156545,53.85749968181695,49.95927162878565,107.69932832095269,S0669,A
60.91506851922462,55.4673356820138,56.256309336460006,53.3868731792169,50.35566074032994,63.33885745500573,57.026599984993055,49.58740347349939,115.9713334622118,S0670,E
62.46085192497629,47.61067900830306,43.03228181570425,60.29457481598357,56.5230615161023,74.97415126419854,52.40876757200407,57.497454754383476,122.41873024812492,S0671,C
29.266097675918505,46.33175588185313,55.82026567084727,58.72315380028451,33.686648895829265,50.46006386736341,43.34306535106453,29.85098767493392,131.39257173878985,S0672,E
46.573124059196516,46.08241850956178,52.60442263333556,38.569806879262714,54.80260501405925,43.58885739775355,53.69016437825167,53.343270545535034,98.65106882889636,S0673,D
46.28559134004209,40.77589815501497,44.61158143807262,58.20158186755484,39.4489232451955,78.24330591003047,51.2428569485085,47.100186455633605,123.87223510345176,S0674,B
35.924883052821784,66.15375689469442,39.91445315923792,49.353113949674814,58.227827808340024,36.8103150169749,59.36056167936016,41.61499383616048,93.15390313101702,S0675,B
42.22183312409125,46.7767953078866,30.37374308327421,50.72874098015515,40.37348988081024,50.20106466869098,57.76936702931516,42.575132222304006,118.04182623176536,S0676,E
38.894241545341714,62.17158520825497,53.496500472996935,50.73196991001694,56.92769031848861,51.796222726319236,50.30476413920629,47.85462335482036,104.14977595704363,S0677,B
67.52270443423623,65.21316051922452,34.35197228637945,48.4975701120174,61.05833066294713,63.45147620452415,41.02746993838743,13.989148955404822,108.91355814163848,S0678,B
59.35678393147461,59.9831089814796,50.95344199441308,61.91707497107065,58.61436525632805,53.59738975126788,43.47049844167919,42.9871042920845,108.47015748044075,S0679,D
62.71555094994159,45.683796872819514,47.36551783917751,49.16282040150788,52.513166482381024,45.01366104211549,44.50210640361966,41.24185175353706,67.90589980404376,S0680,C
57.21672064043235,54.037300903366095,56.79142775438196,38.80453871616831,47.686990570703,40.48815629612044,46.84733666083744,55.32783209322624,77.51756282278453,S0681,A
38.70948228782771,49.758043936090836,46.97954500510136,46.06470144030271,44.23580423665156,46.581781797538646,52.68050427589753,41.94473317489479,102.05082879635044,S0682,E
44.75479733720226,40.96298139269872,46.70552213652908,51.78694716810475,64.71034690817103,39.93072639054856,57.15174390128058,47.8488619982951,66.25441840717663,S0683,E
54.89374561227918,53.24359281721603,57.318707042882956,62.29214784297051,43.00504779832357,50.47825319784683,49.48881306984622,65.42276627661302,116.62422206399512,S0684,D
37.778721911080545,38.20960208840198,53.35058029084117,56.03094684948834,39.62933926430004,44.35803820139513,50.161247879004726,59.94351519815423,117.43111932576284,S0685,D
57.12998430172388,61.87679388461564,53.16155957182778,41.49464721252956,56.6536893503283,35.059622067102495,51.43306305000004,59.02271399943453,106.5434110575558,S0686,A
47.59674601841865,45.35382702701607,54.69267589808526,74.85189916678891,42.03863196813505,62.55145788374904,44.840946868676596,45.00127569589148,77.57731974484156,S0687,C
46.251791924504026,52.01159655872839,34.64427876792894,52.6477531097798,40.499365025338726,45.02327476570961,40.74607742357044,55.430322792896526,127.6027787773703,S0688,E
57.10959968203491,52.83287871546142,57.56788679986982,62.753907379990146,35.56395737830235,37.318631950246875,32.4456210268929,47.66102199546406,140.74421279436717,S0689,D
54.4426331148604,47.410950262959226,56.12468794013602,48.482855664227706,45.170901605394825,48.31740865512459,43.04850641923127,48.03906789323062,102.94153654891947,S0690,E
46.3903383418092,55.86693801475275,39.83316871423503,55.33359244705449,49.17284976103507,50.68371565967659,54.73145453267787,54.0968534374655,110.21070756902472,S0691,B
61.59329803364248,45.25096343377476,47.55919526325799,58.39468504518405,52.43091727660699,32.53533274420967,42.970885619604324,44.03006411579068,104.03477309592088,S0692,E
39.189366724001026,58.71297297457244,49.606927123723686,62.18194711754256,59.51306244299484,53.316476671257625,47.621929625740606,64.93003104443204,110.60738377997599,S0693,C
56.15935606944264,36.54020319753251,48.655032155982674,60.57368305378225,55.268979236657934,39.528424313097354,54.66431287412317,48.39869860402063,97.60882486747208,S0694,C
55.93101257968384,51.26379579546412,53.338599665685344,58.721970000729776,48.091277804468206,67.11028809190788,55.206894964226684,56.18360566259665,99.30871520312394,S0695,E
46.904535606860094,69.38928999058285,64.31366781831184,46.849132688058916,48.0180432362028,55.23960512076735,39.204671478339606,64.55600479257298,118.11435200994731,S0696,B
53.26133022242118,39.99668675394425,60.81766727672829,44.28253958043938,55.10157468915183,46.001000098906836,59.970593564536415,60.31653774575175,146.91248323792883,S0697,C
37.488864236146966,43.222550294751485,36.87780806568594,53.326075103241976,62.725701629285695,42.5483222968265,61.27350089355485,35.91080897309475,71.99857531196523,S0698,D
59.24027019206901,55.13907849658915,56.220699903060485,59.33128072341069,51.263141994832004,48.95032292436376,38.70150142781441,54.44895895009884,97.92375031194067,S0699,E
48.15097863557011,51.79581781939598,63.2893331953541,47.77279299223393,45.30869145789591,56.127907415832894,41.76163130358846,58.50719394460647,76.39079029535836,S0700,B
44.772769794809605,53.50630099273559,53.868085206892026,60.651719657143865,40.07133998914455,49.745058714148,61.910906831461915,58.918630221607486,131.84049797152167,S0701,D
60.49009225836889,54.891871301476634,60.90980425185967,64.52616745486179,35.547947355877746,47.82841192863143,48.53146478744699,38.86705165885369,88.24524061360204,S0702,E
42.95656309457241,56.3472146856177,70.12270445700764,40.83679080926581,56.662696720435235,50.58370290817896,27.80222052548149,43.42964762982676,71.13598412428412,S0703,B
35.91538703636441,61.09699841956223,60.23709546106981,41.630792962037205,55.77978523639557,43.961410687630455,36.00318495267314,59.945582357416214,112.76373997697146,S0704,D
34.433708264760966,54.098186569285126,52.49308595641729,48.59624941094663,55.773635251066615,46.56794073156962,47.50630374827519,42.38239629317354,134.88622229486222,S0705,C
56.06009951345639,47.58742345381457,60.450884740847535,53.076126681891964,48.71340553647944,29.14207561094996,38.36957349715398,47.00303943335686,113.27195737121525,S0706,E
37.19570647503717,56.72573701202731,51.44887833096891,44.75432986232949,64.0693474589175,59.737262308523675,45.86576229363558,65.75875809501969,104.09595754563834,S0707,E
67.54794181984364,68.99881934895215,50.23903043284955,63.52202678867144,45.15881505415182,52.98797780321762,50.32396213683579,49.5220074961521,108.18281845551988,S0708,C
29.18070592116278,48.67366253617426,46.485857642862676,54.24066861518451,59.55269237207206,42.265441559665696,64.62254604034729,42.73225862166157,128.2968132565111,S0709,A
66.96456368290038,40.254706953293585,65.63413358832108,50.39447048240739,49.61257105010457,68.98734981355238,47.09546083772211,41.22382643137095,82.51601459971701,S0710,D
52.11017467202618,61.07080669286972,41.81571334057999,35.64090476131472,43.91649235320662,50.87016480392386,60.72541799572759,53.32719329585188,97.76305791827374,S0711,C
49.032868881296075,48.796188360464015,65.32367724678116,36.84184183572493,55.925303073177616,39.63856428024803,64.28760162036771,36.66851991522791,90.94619702980933,S0712,E
44.550809131910505,28.273304539859637,54.99864123740372,52.810092502818065,54.096361186839935,58.567374214704586,64.34309669352076,47.52664036103582,76.6426938541658,S0713,D
53.991361143520706,58.47421677150422,36.006938251980586,28.674043738451637,53.56972759266926,53.980482165092624,52.847545933855685,53.33230534990022,93.43249481166396,S0714,D
49.62365297575152,44.64671814046077,53.67649292991422,60.12637409644071,50.81278422056199,53.94579985484219,30.36710852161026,62.991498205476674,122.15442191964897,S0715,A
61.03301882016521,49.094667176958396,28.99973492348376,48.418461556276796,49.62106918283169,45.7424439534841,54.608248654038654,56.675480803699955,111.3320429678545,S0716,E
51.142276486620396,53.319803305690144,56.25508016831036,82.43092969594733,73.88371992870438,54.504957237780346,60.48399887813541,42.85934882017821,112.886210002164,S0717,B
51.50301761461878,51.904996797790666,58.852314829889906,73.07916250616111,61.84256645196173,47.38241709778905,49.189328945645826,61.7841931756372,102.92951223306636,S0718,A
46.36387787786144,57.0945181713904,44.07644044347946,48.18550930752483,57.22826894985512,55.559414516458425,67.44583870075249,47.00484962452522,110.46647565457177,S0719,A
49.43054376278933,45.645136294301565,51.235476959555825,48.93662997468685,51.11799158203388,30.95055545989361,58.598335614674575,37.64296977950591,83.98819315303788,S0720,B
53.07801768892059,55.131057981760826,69.54157433750287,59.9558151400203,60.07157200596669,45.661265370208106,55.68273377152784,48.27958640734528,93.80980228145542,S0721,B
32.89831607343375,47.40453322416083,44.942532957380635,67.03172609918037,55.17994776391452,67.22155097808195,60.86380711205838,64.38169201145702,103.84008473937354,S0722,A
36.518145778942866,57.38810480887503,39.410924129433994,33.61970942563983,50.26204752774036,42.32932544599699,53.333698512608784,51.65240050064925,105.55031717763781,S0723,D
57.43264094022715,56.153674840130535,64.81663402462598,32.13624534645314,46.96435674734085,43.961617025068136,25.071895006046464,50.12521864329786,106.40375709843747,S0724,C
51.708654381279416,40.645612979554045,69.62587190530795,43.779651944456184,49.19082662337312,45.52038661550025,45.008610485296344,66.37211644702853,97.23329435967244,S0725,C
48.16016663647321,60.85982116175032,50.03695671847847,55.82737583173864,18.295742641219444,37.85193864111356,61.97168027247854,35.68645152945573,92.4515319773934,S0726,A
50.184339330653934,44.64036554885952,60.11463035408356,54.968735905075974,52.10600839297642,27.91719223771748,41.92408659901704,37.14400885947228,163.15542566088595,S0727,D
53.47581705361671,58.08057798281145,63.414759155308815,60.6977145498385,45.115239198896404,47.69413601476387,47.76527494763061,33.84153529033168,118.13574545864797,S0728,B
44.60240319690639,53.67287313401341,42.57515767461616,38.003024716346914,65.92669998282884,51.35859424081657,39.55163686096929,53.72648186480055,108.26294951905246,S0729,A
42.216952745976876,68.38183676795123,45.14694164632132,26.838561370311233,50.19344070811754,49.474949314613475,67.83922595201769,51.66493127115125,95.33583003587212,S0730,E
51.958452550976816,47.76534017628148,62.30874513154735,58.58014195302145,38.110365804650385,48.55121438052113,66.81492457418015,65.42736367279775,90.97562346112247,S0731,D
40.21627222384968,46.506832038818025,66.85014278708509,41.71803727034765,49.501198458718825,50.430408708503876,41.16131104859271,52.4347507713677,97.38398812546089,S0732,E
54.082527557144715,49.805803941122676,55.62880860174355,29.81512135611362,39.538789149374956,60.22841471550764,51.47298000389084,45.95842840520697,105.85657687173367,S0733,E
32.9741639576216,46.968202171657246,41.20185646497946,51.450637459593814,54.73407415712467,48.09553814070783,43.19505952235952,50.01794872878107,62.39128911873837,S0734,A
60.29155637325644,57.9994190194205,69.87061111699441,57.931756882186775,52.909473643394854,44.259174229127304,56.149446390313784,51.17707418460958,68.61220809250632,S0735,D
54.72597482413043,33.83689391563412,44.690291021880356,48.77942867878723,59.57839631108268,47.188745151119136,55.09683077242329,33.28238726671833,87.26235222122085,S0736,E
52.56029734313876,39.46317580853646,46.64862218828548,45.42151613817511,42.09118208305435,55.793467597567755,58.117055716132654,77.10331644334893,104.14278873557137,S0737,D
59.82690983945514,39.32197078420807,53.423378344896214,48.406377678540935,50.34008096228147,64.1202687854325,53.31918447707887,55.198710181019116,95.21453705696297,S0738,C
66.65474444462576,59.50307591973576,65.54160420714774,46.29417237599217,36.34978204573365,43.71856260830822,79.35406206388468,52.10008308022589,129.56242452198967,S0739,E
60.1437006501813,67.10613372581925,58.539759765522234,36.51952888059833,57.01494781924715,50.989337870288836,39.72076234989261,56.151639842785805,70.35206426008463,S0740,E
31.591257686683548,48.955507814625285,54.148655003619105,42.853193230095684,55.18871180440122,53.3835744193596,32.89396645563485,57.09410980586605,84.97309060793259,S0741,D
37.204230332642986,48.311782768099896,54.63288530118106,55.212799050138145,54.95805021027571,40.07421993271177,46.069097992985384,48.594465144975686,130.40183481982203,S0742,C
43.75181422304321,50.700521631131814,50.43514668643466,53.216785413765,50.01619031356941,50.20417167212918,34.320117344397325,43.687588637592995,102.62238649350294,S0743,E
50.26091050210834,61.61878302608191,55.58139514518506,51.6805980596682,54.14772890788791,35.34326142657905,35.07537729994007,55.99450686321704,117.69685165602317,S0744,A
55.17659020469123,40.72646865809426,24.70439922305697,40.04851518146621,66.04339108308596,32.30949696260601,39.986853458020335,53.85710840531453,141.02493886538926,S0745,D
42.742561868465344,52.38368982734785,47.033925409302014,48.184968378643326,47.14905742957986,53.66746407892257,40.77811094568372,41.90109900910592,86.12391164196355,S0746,D
51.86766764477078,59.7519762978243,52.41321934916781,28.22934953557145,51.38645183710084,46.16125258669217,40.4538189804994,64.19035611367264,98.01371324415936,S0747,E
42.44617067646678,55.01094169939845,38.48985916380493,51.784766638853895,39.1387370081859,52.02280407621219,55.182189504454115,52.93352036322983,94.55146198138257,S0748,C
43.884821970080516,51.89581616598743,53.8632331781156,64.28857707813567,41.317390384016676,49.8210502299165,44.93810938914664,57.29819362267631,60.90813991033449,S0749,E
35.93338903151778,60.01046092567141,47.95528779013878,35.25867867957894,50.97813293093307,40.235999513362025,48.2048542512752,63.91920887679919,93.79206392488062,S0750,B
40.76766753889096,22.96767707000763,67.5547569831549,44.14072326682245,61.03933546701907,49.547456980356635,58.94232774500935,50.21888821164835,117.6212437476133,S0751,E
36.48315394383666,56.77875319530908,65.73019725214857,53.2910677871013,47.43719175748428,37.668986949851444,42.33677475218574,53.169520069841155,110.81179083624482,S0752,B
40.241267470226674,43.45924316872576,45.34194430881837,62.528426344274834,47.64083470687876,63.909723580014,47.35454101295278,58.10027238506116,112.3816633877602,S0753,A
60.536417966078396,31.693671031435432,48.49162288433305,45.51775383699851,45.931147554956254,36.440296551400365,53.65759986092915,42.75138916199948,92.48982038721002,S0754,D
40.50601111168057,55.11202599524981,49.260524343916074,43.077496707341034,44.65243329155677,48.04214729031418,30.584321993797786,50.54051662846001,86.87805527988718,S0755,D
76.32382064837391,63.73658545162958,45.483405238403776,30.31076857583917,52.949714557088214,39.57728411952752,26.150944910494175,51.255485866511485,125.38511343797241,S0756,C
54.93317900880889,48.62551485372308,51.950249840281266,51.03438129308106,35.027423548213555,55.704211733607956,53.461173287977225,40.439414483166054,90.0536570728466,S0757,E
51.84836123694874,59.528745472029385,42.4171793111241,70.42076040143743,62.80939576666728,46.68568628718497,54.92014280566899,73.17636788673879,105.88164077586428,S0758,A
41.41642219818787,66.12278257988646,38.693846650624735,52.77358461964676,43.34577701870539,44.8133328037879,70.64220134852411,35.92706556507598,103.26669361355077,S0759,B
57.003098794089915,63.14914453584048,56.227112239002686,49.77721020816287,57.21903485438141,58.532015450515544,51.5809487586681,37.01896096312842,129.23434032514237,S0760,C
44.24362173762226,66.39964529371393,56.29529584221811,53.22082310766986,37.30001402606124,50.29430591677552,58.19739717258095,63.14226575703579,119.42824715344719,S0761,A
51.220098146453616,57.42127491071892,41.956842403400074,49.88907996051398,56.68840130546218,55.166444459359674,48.04527356414026,57.13266250796542,74.09482758665759,S0762,A
75.60084538268795,50.754336389015926,58.95355430762599,41.8698562773987,56.719446078144976,40.186740634825355,52.972272215850865,39.74035182519222,76.2489366644992,S0763,B
49.0394010027535,33.980341881028316,43.68422270834669,58.232799156777055,53.84202072005897,35.95183056072493,66.67256841749534,56.07289015101693,111.57819636138268,S0764,B
61.49273326285676,47.53937511870051,52.53165238037981,52.25761523111754,40.05571478200208,51.07207962040134,28.760071818743643,64.6785044499731,98.71324705241668,S0765,D
42.96823574874112,41.567534046838084,58.20344012612456,50.176132519336576,52.495481895980774,46.81153644505269,54.1361625757168,49.69736942403014,90.89656432092472,S0766,E
49.65011509503038,71.70942717497815,49.66387435296287,40.2463397272175,38.16943815265611,56.26434672453944,71.35586730077367,75.98822900074582,120.31255767988941,S0767,C
67.7080063563551,48.24114187567663,54.54740912141134,63.03507931934759,47.472367449038146,49.2009154733745,52.82034219209343,32.75938189131965,103.74918764177822,S0768,E
43.730329422122324,51.23204806784486,44.835703561124284,56.6470274533311,60.29413100955326,52.0507533923463,66.50572963232848,56.93823453859102,101.04914773778889,S0769,C
68.12448557996929,55.51485376040468,48.03533416571903,44.47079162632698,57.96701927070742,33.76617470058757,43.707878504705576,61.66528336221003,115.596572815101,S0770,A
57.07751935455475,50.436024463724536,47.94140569119659,60.01824853681937,50.15182942540433,68.88436939614257,49.67952505836286,58.913439016052465,92.49782010112871,S0771,B
44.37533224105732,66.95051040430752,42.53421653459761,45.02429161614793,40.25193424077158,48.357580149679684,50.33524702388588,47.95644273354352,131.37037970945107,S0772,B
56.32407739055521,43.77350638265548,48.23225836884218,42.17996507488963,56.455877121741935,56.97586970339199,27.824089206412292,47.09558517988851,84.23904753533984,S0773,A
59.7255444962673,51.94607455237243,34.51381701136253,42.40296882519713,50.193812376980254,41.63908329780374,38.318221721498,54.44145171087257,113.13858132684176,S0774,A
56.21809962217196,42.57529414301952,45.08846252857895,32.28931446911909,26.79684401769577,53.08009902217341,39.03124920616014,58.157544866520695,128.6766567731969,S0775,C
34.297752801095434,36.79977488779294,47.15124506630329,54.71542380418206,57.826298263165185,36.97155236475255,58.220660780325275,56.02473436282364,72.454090214558,S0776,A
42.728628241751316,43.882309090947146,47.4382024750462,31.6885512166165,49.75767166130308,54.520678382596714,58.72153105684055,60.40057890793389,93.13329648295101,S0777,C
47.52481364448495,49.62963202951588,47.58502554129221,37.71556168734237,62.02451247983072,46.44025915614167,53.24036442706533,39.81130042933265,122.84414785771116,S0778,E
49.25566570899954,45.7069777548274,49.382358001398714,29.244119909214668,39.04729481157195,50.291905039355676,58.24102896855706,47.72229020876365,123.14489095462051,S0779,B
56.206720975506784,43.07579020126144,54.79441518086064,49.13930307209107,18.232961868039993,56.97974030130098,48.35850587278226,40.59984067876246,96.57008799223522,S0780,B
51.777010009332535,35.93682536328166,58.745170741325225,48.49679539728128,52.79083858345185,37.6745968877972,62.01931669539543,46.138872239138585,85.30657812646281,S0781,B
36.64655641289899,49.16894427371305,43.50234773151733,46.73303786813636,52.91563676681973,43.15508269387203,50.08788442632072,60.15220891814305,119.11871644661525,S0782,E
53.801978510059634,34.952796259689975,37.967991446108556,39.57422305329423,33.093283723935485,54.573242810867654,50.578640474267566,51.07983920725229,123.6709820516321,S0783,E
56.10585745283823,57.60055963689602,39.57955587756897,38.2776624656336,40.21500454133394,70.98221474546747,47.34407366737589,76.0685916314977,76.7067330297521,S0784,D
55.5979044793104,50.824397529345035,45.12797078805073,54.64369863546574,77.55217743719902,48.61917665338518,56.844504776364275,51.93406367189717,75.92172702067239,S0785,C
60.807807255546216,35.4244850053507,46.48078682183491,44.494480682915125,46.94389385846197,55.91136117923932,45.78801183387087,50.596918805797365,104.505133639672,S0786,C
58.33922154548904,46.907909229501364,42.30003933802543,53.16358321536145,57.30958976376216,48.930285301415196,59.76431377198068,51.061829194402165,112.58721266857785,S0787,D
54.59180079228437,42.478435944094166,37.038833357501055,41.14751313875777,43.493401726316165,69.422455947563,38.67850859283993,43.62191307140064,94.01861829539891,S0788,B
49.29834288541353,53.1917451041918,45.43879172525812,51.81062742771083,29.096971011468433,32.52778333034745,39.010837452718064,49.421633876224064,113.58587639964699,S0789,C
33.39039066484008,63.40450446023144,51.814266201139716,63.032780373160634,48.297417532040946,50.94621044669358,56.87426755126504,61.27788027111646,85.79726786325236,S0790,C
54.296182191325855,31.248275303542556,55.950294658355645,55.861658003927836,47.34395439713895,33.744559664379395,49.114557854169874,51.13970668127772,57.70612801852529,S0791,B
52.076876871631114,51.150260791474174,44.42576946891679,45.875861817835194,46.001217613316285,24.934284294632832,45.46108583846872,42.06540270116528,91.52197855334808,S0792,A
52.715788371953735,48.398672044333594,45.87002177856566,52.571989703559275,48.853591644936074,52.97462053117817,58.90057732475459,40.749153795213644,101.26464293026203,S0793,A
37.232514241796906,56.713400764504655,40.73301691152689,47.59334825469787,52.64268271645636,51.39497796147459,43.92738585913916,45.497981083341564,94.48320080207087,S0794,D
39.189434595917376,52.131966282376894,49.685608296252234,50.07880184694728,48.49883048746194,47.15163062257798,47.9979874569963,50.7386343441088,76.8279347268103,S0795,E
60.53152853332904,42.48030668261181,41.515713658091855,46.743889478514966,37.35993832052636,48.93805909960247,63.99227950071159,61.93586535476262,63.68702048242365,S0796,C
49.60444846143345,46.80946064333382,55.731278132412,48.356647941146086,54.86184791561939,80.98299434071258,65.3914234581065,36.59511358633563,89.71822391264205,S0797,C
56.81500697372624,42.03974143196511,32.14133508065889,52.12093353074175,30.506282446775767,47.418248619685656,65.72398210270327,46.80173722111244,117.95311543299488,S0798,D
50.28318376130461,60.76007138598598,46.40370327547538,40.06641300418049,29.496425427157998,55.10124361250075,47.17874223066089,51.44310019435079,125.12394878827365,S0799,D
50.297561394957455,50.21311648671942,53.01107339191742,39.84121173010021,57.39180494701568,43.50635180386119,62.3070290498447,31.662942323705654,123.7542676827691,S0800,C
59.382838059759976,69.01190685753008,51.83834516322504,36.11457446168789,55.07020272135357,52.95232575040603,40.51047172231322,41.66401717033594,83.68180929702893,S0801,B
44.83955271782626,49.39339186185379,76.93033663980496,33.9972889549629,49.42604634925964,47.61766324944382,40.930971252779386,43.201114602638135,76.92587352739272,S0802,B
50.96120776940983,42.91593233089537,53.49800024567907,37.82717307779521,36.04551495244928,45.8948151727027,26.49544147375639,42.040296261495016,109.9326922995979,S0803,E
45.377247112949576,34.862856073871725,39.959454031579895,51.59462506804129,42.920890593259244,68.18898532200325,66.7286820189853,51.918895450216475,112.70200023195851,S0804,C
45.65503772567684,31.96860323744055,49.04535752910927,41.07212484508116,47.37253252313496,61.77184963184339,41.36020150923922,48.39440390498203,108.00339210400995,S0805,C
46.908278765313604,34.158640569945106,32.23753666533548,55.13614464231096,34.041060314258864,51.36746647399231,48.7346742025294,44.44713897398964,59.71873451524473,S0806,C
52.22133771633713,52.67126651011483,49.194002507032394,50.34713748752562,42.60971341976767,26.957880640560333,40.89675658071716,54.279626265526346,82.66230830233067,S0807,C
45.212513783365225,55.08725023229934,41.669439429992416,30.314957865619462,56.523303381766794,46.389907767474305,56.9516524833014,67.2307471764625,99.40622419428043,S0808,D
62.55756125573521,34.188092979678665,59.15390275560162,56.549755842216896,64.27305364289217,77.03027564405083,46.2436633928266,66.39256516741753,109.74436389260855,S0809,A
41.05392697780496,58.950383140761154,44.504597254044654,58.1079864559171,45.8056524734145,47.69338333360292,36.95183109567051,30.772282279376636,115.34614725204973,S0810,C
48.13128355838641,45.1693894831656,48.832340842047536,40.06137325165147,57.56488354316098,61.032175720536586,54.416625641860605,55.77072183835139,102.8850704456408,S0811,A
45.60268941725825,51.467930119855495,43.64442158595597,54.20191542894992,30.85939929412533,64.419424019526,35.66269975189772,48.21976709936162,106.61567613076473,S0812,B
64.46977884353733,66.12220628255425,67.38851351853332,41.43501762590801,56.594512411136115,52.18963915855975,41.625942746845084,51.55155342865356,101.69730916722209,S0813,E
51.965547765115744,58.96839315865532,46.78757233882088,50.97670376748336,41.96051585272519,41.58178368131848,28.93110885373919,46.01716966457452,113.71238748436966,S0814,B
60.31844539468635,47.314693520941674,68.32557043479201,37.35501593045034,53.0734561670797,25.646876682171115,35.760418878023934,51.17588629887202,106.25731302981822,S0815,C
35.14439626963028,41.08807774584713,58.141517621182665,32.06893547465423,47.52247581760291,56.84163208608955,51.78529169720478,51.51407396072019,101.31475320094574,S0816,B
52.67050265869259,28.48184598670695,54.82066727335386,46.17182810387031,63.20414009783834,41.85243997176452,30.354639618970754,44.210482426510765,94.63262401725238,S0817,D
58.89630795623437,42.8084668075758,53.6873314731752,48.762710537251635,41.25564351660082,51.76150451887692,35.18854275378284,41.03632452174819,101.62582850084962,S0818,A
50.82283989275424,47.88869761172305,53.93797298216251,46.02320306385396,56.27606297561831,37.50179660410636,49.97631083867192,45.51304317380516,109.6918275767855,S0819,C
60.654803750653514,40.12820472848816,30.7232742065439,38.1596944177744,47.20492536703466,47.34762459529798,44.56393103906947,52.34259264456765,105.34950777796122,S0820,D
44.82711549899628,48.68743032907695,47.21116605849244,46.00100937868863,48.41694521990336,50.33719054901053,69.92036635959309,55.98996341684264,107.61652836690507,S0821,A
64.0934744018558,50.768518829587684,58.451579711843216,52.69294752580734,48.1614610684079,52.68593581044298,68.33896546024376,58.53348977340147,126.85443722702371,S0822,D
72.9889812361925,47.751440181919214,49.51102816525894,49.55106969877463,41.54326895505887,38.85177812647586,41.32077537248846,45.05809976933087,105.30327845493174,S0823,B
46.37161439560341,43.4999741917654,35.94810153196425,51.82501030599214,49.85901034093328,61.96910948761352,55.57137618403482,52.838445673027366,87.02002959053685,S0824,C
45.54497478599228,51.68654671966728,49.4759554942253,43.29884799545767,49.37351777878178,44.03105215268029,57.492825568794515,59.62502591953299,117.67213571988339,S0825,B
64.533844771177,54.41940649569409,67.04105516255491,61.717179147161595,52.41240248406729,33.255305395467545,44.02521141975597,61.65594895144128,72.67603324662164,S0826,E
65.79572145730712,39.096009225571535,62.46891715534719,38.238266634452195,50.84505145692862,48.90976580036536,35.04458463501796,49.41167145868478,78.37173238521426,S0827,C
44.771399728467316,64.10932379746271,49.379959906339685,54.875602970867185,57.97994549612236,50.3437530902646,49.87701550691943,47.79068275060387,106.71694529440138,S0828,B
45.798131829041424,49.014118677157384,59.514492770580866,61.81891092959962,59.235086160473685,51.6058943317176,48.271543251858894,51.91124233836392,110.32793335573157,S0829,C
47.18215391139493,50.188496229448475,46.33492979631948,54.80908092748896,39.49376678172199,63.621324036850794,45.64235503029381,38.502925271025944,75.0989755299201,S0830,A
36.555494889657226,57.08214423256557,32.96128413173281,47.9747577293517,58.68772500590771,47.6355116326414,54.42316868164485,48.06390488964492,92.343650380265,S0831,C
40.81348053515802,52.332161312635016,40.75534011870445,44.71702953337021,38.13663572890145,48.803803756312284,42.492703929944014,57.4458639847313,87.87832335560682,S0832,C
39.95859233247932,59.53136633913245,65.62888768508198,60.36087651046256,55.87855888137735,38.96815618766907,38.480024524208574,56.41947129443701,90.26647354236806,S0833,A
42.32202434895871,52.87124165201824,47.26006918170696,35.77025074738327,56.197387847028686,58.20553502887897,51.090829703498315,47.29732395636111,118.87195552545892,S0834,B
49.65315112613219,43.87562625359562,47.56616020624982,40.29875739620356,30.886831083374958,51.843090640781035,53.859700925688756,52.17718201087167,114.13010927094506,S0835,C
52.342147325365204,53.61503525206102,47.00161803725119,46.02442234508278,50.9297924652941,45.79972272705837,38.23355056099947,41.753496597093125,99.61755640292586,S0836,D
65.50500492814076,38.56273792679338,69.04136589573007,62.37653757511998,45.31503886639684,30.953253065345365,59.28090610991081,57.03492148225025,89.08076145770144,S0837,C
40.016459592612094,51.085597057765234,66.25958915362062,53.79767636040896,42.41234742064625,64.44412195055088,32.29518862223922,49.22178563863527,73.00700659559719,S0838,B
59.843223984765835,49.66770009355539,72.18780233448135,40.31954241489755,63.50852330699006,37.72320035543943,44.21886541284357,47.24048548303862,128.403698775639,S0839,A
47.86011155774491,47.918831427274604,48.40954789599949,46.896922946150966,43.46320859362581,44.08721990630294,47.41991463802391,46.38276163906613,111.84227800569838,S0840,B
49.50536290347567,48.71462488561069,52.95624488747095,43.85676855903706,41.9362307088195,53.58344511076003,43.6377628734807,49.37106133100142,85.86661791853719,S0841,E
56.74819492166604,31.18150954502361,34.833574505792086,42.90211007766465,50.756949400050935,38.034420713833136,44.349395264488074,45.52122355068042,114.39198995249782,S0842,C
38.772779784377015,44.512750922590385,64.76934426118274,59.78889558556779,56.85589746298416,35.064902217468564,68.71074482308114,56.581430360025635,98.59552758850748,S0843,C
53.82409746184051,50.928449011411146,38.32220448732065,36.282568707364945,48.58351413989873,28.76052417299335,41.49115910961101,46.04716451983819,94.25780990275314,S0844,A
51.66452208213056,51.598563919974005,52.16775563762629,66.08780855734373,61.663705456692526,57.20996952905636,74.41221722471914,65.92964096027382,108.70423056579205,S0845,C
54.92451264008149,39.72324859074042,39.02697472367156,58.28229690184623,55.30975661964091,44.54813755273678,54.371267797310516,64.65210503481381,85.1700350017455,S0846,D
52.89168643907818,62.65707840864701,44.11133173261304,60.90861670603698,28.217886802685697,79.2727009247333,50.92055137311992,41.084565101454956,93.1248696097978,S0847,D
74.55300139910895,41.33825151785499,41.627375689503,45.37060487974742,44.70533036492992,40.05644934369127,54.76240353387666,50.697042694292804,102.42922128399091,S0848,B
43.62260015748684,59.69457200526737,43.92124739324182,48.500592809208904,44.38157900648301,40.785489765710786,75.29927749251952,43.49343378663805,90.01097614229573,S0849,A
44.690030449981826,54.27194361871685,44.608772968510216,35.66848185475288,54.79360953429422,44.346070297145985,40.06406996068552,46.73352436811388,113.38170420535047,S0850,E
43.76859473575236,43.53772690156197,44.517312050749226,44.753375929331966,23.75182943625888,52.43134655138489,38.79582081063611,70.02427467644797,137.3813300735652,S0851,B
44.44522880839745,67.75310892609512,58.33333911780307,54.93654847643151,75.49009708717722,45.29796661214689,42.45133803428079,46.92428582884201,84.91403734785715,S0852,A
43.62612872693482,38.0636316824352,38.9513720693748,62.96063061781396,55.3102609489421,56.123322140025124,50.32143146964561,53.60226037077429,66.6974940739191,S0853,A
61.89016531107552,59.191541736100014,52.20541427013867,38.92843183197549,51.48876803917691,40.21411610011346,32.74228875187427,55.413212940082786,59.965196650474766,S0854,B
64.20504247989855,60.005823180429786,62.179591523055585,46.34494063014734,61.81567716419146,36.18408281536419,50.22339239318608,39.9937062751676,96.99063717010036,S0855,B
44.29253706250524,43.293797909233554,44.86803635486604,48.48700779767478,73.43654052812624,32.01785260590893,66.93547133413672,41.44904525590795,86.73670819747635,S0856,C
41.67644426895771,63.92465300064329,42.82081109252398,36.04210797807515,58.70746644588403,27.76425832062803,51.51407390624777,37.93977628591881,104.15721002134161,S0857,E
54.71415556386404,47.49953485401047,47.69475374819749,55.913492417584,59.4881309647162,44.81930980524943,47.07314541024723,41.14029266102223,102.65195344052202,S0858,D
44.477769557190285,52.88693629279857,61.797252083607106,42.76009668257391,51.30690024464382,46.99019687606778,43.81839551316372,21.49969890682818,67.93566306771808,S0859,C
56.32931817755511,52.603218387712204,51.94107630953358,48.04609648822976,48.58474246633052,43.68562972516817,58.98511704551564,55.44582400793628,63.70232341037188,S0860,A
52.029230208513,48.65691258529452,44.68785705392401,45.48050628088122,45.24204555995099,62.43405797187162,41.74167226761952,70.5419384125607,105.91866480692191,S0861,E
34.84255885002768,58.10808273159782,54.838766511880394,42.106614942803255,41.73888008285458,62.28030209608135,68.46395920599248,51.47820739036527,102.70857669439914,S0862,E
65.47505201330061,57.93488720552213,38.977078501635766,49.929550145194455,43.12985900300502,46.65197012555498,69.33359747714357,35.837311406593926,91.48364003266897,S0863,B
67.95877673095522,32.51468026761819,56.81359510442948,47.84390421431978,36.494440356570166,32.060788868080365,52.567507986617876,43.57223617100052,66.85712829735391,S0864,E
43.87211309515614,63.043402428781526,54.08607307701767,46.281421177213346,49.24128549314977,44.33294891944947,49.88484911923355,45.41123154975003,109.42782525529981,S0865,E
46.122984400640156,33.37508011964326,46.92191528861116,42.71538378319657,33.153324227736135,44.00178606082939,60.30659808241559,39.82415222786624,125.43799090847887,S0866,A
52.85865390724905,60.32546204341657,41.61414201552769,53.195246707829554,51.90916524143711,43.42865037721942,60.94798502227325,58.60182638395157,105.55964880437844,S0867,C
53.34456789987025,61.26705136827583,41.133190777165424,66.53617268492285,49.63669391957658,43.022810961017555,41.94008268940584,58.10260044375334,83.05052218869871,S0868,E
56.5854427267283,39.09033569784802,55.348173363459104,51.39887232839127,51.46935298386688,43.465371042751926,44.73444866863298,38.445482061823405,100.89104331142303,S0869,B
70.1020453876635,45.891857120454155,62.28980502489062,59.96118214911129,44.77868429980008,46.134583841022405,36.77652565316704,57.25081044447508,72.6777183813263,S0870,C
48.2305277250595,38.94295331514064,43.626922529712054,36.097780748465375,80.76860370180503,43.64458901184443,54.09064938334057,65.26812663577266,121.15921427677586,S0871,B
42.01702755461546,47.850789697112646,54.58386703551484,51.5776143929377,63.601159001803126,52.08322508625592,56.66627883456891,69.02558205229559,101.63688669059077,S0872,E
36.20680771985473,46.919657158142584,29.129729813979313,39.02631681028933,37.55457499915277,53.60368715904861,36.50074362138727,78.65212023085962,64.63686176493536,S0873,C
42.69069960058081,57.796605322693395,44.153822693428005,35.23075072468099,52.32868087426898,40.8935491281751,45.44801095183841,40.98007350556803,93.98651279112634,S0874,E
49.66873027126203,63.10308746119608,49.68941067129098,42.60628592540964,43.91993857062676,62.71065326007033,36.527460824186505,78.24220426395203,109.26603020468461,S0875,A
67.94557863517788,63.95683810789956,40.90316583018166,61.91899334413573,39.85520273292586,40.19937698159386,41.012001897561625,46.457936114912115,93.33904758048955,S0876,C
44.823887009638284,44.37831973421698,40.63493625210404,59.500158286696454,36.599279288760656,33.82199386184663,55.510170602262995,44.07534544619486,94.48208557119652,S0877,B
52.237879516388986,47.90778126255472,43.322204435311136,52.430047220544,54.32216690759254,53.807780713650516,42.6651793332172,53.27072374877845,75.51195585905457,S0878,A
49.83577103927248,33.1656180777905,52.921927283263734,34.672994401100695,43.18619764930426,41.825918655856604,46.99174043967702,44.17938665906988,111.33081974163312,S0879,D
61.88393273448084,41.94129933503811,48.12670981593625,48.03719348612063,59.678260240252044,53.21291470757388,33.726882720526845,53.99044140646526,87.03061599961725,S0880,B
75.26932425873622,59.64851633097457,27.617687666750278,53.01700008901736,59.93782214530439,25.963313988994695,51.869902097246644,36.799228122626985,56.871092459899344,S0881,E
44.69131227079679,66.15582823548232,28.792998473649337,51.75536229578598,63.739143852114495,63.924559414830675,49.55726680155351,47.61247397936566,92.57485258659213,S0882,B
45.10560557481778,37.65651128120078,43.931348221428244,31.56206416519254,41.47613233925897,56.72293408040402,42.71040749966838,62.85582234361679,119.62299431140707,S0883,D
60.44160877069072,44.075357408471056,54.57686586053552,41.09682151980128,54.753656106920104,34.99523450836998,48.10985702317526,49.42938708568844,92.26141106800105,S0884,B
56.81891489626312,49.73594243041073,22.524951572747653,49.35922235851283,56.32454216642301,35.21222876153715,51.80294880503445,51.41595786739883,134.7596997024704,S0885,A
68.46707325736034,52.80161158819607,45.002698238483696,55.3629090951719,45.258218248960354,66.72265904097527,41.85131851090656,54.75258604717312,108.57935897097035,S0886,B
55.839281853259635,41.90396480078354,44.73752143482579,28.038721789000537,42.28228042607125,42.626200965020416,35.23737455998221,61.7066162931766,106.77516324560732,S0887,C
46.40707909212941,54.24061044464089,63.88337778208448,48.37876024520141,66.09520665775973,41.65815151267376,68.05574432686815,33.447752878105675,97.43203468164782,S0888,D
55.90654830692309,45.26160652929084,46.149781882871366,51.43048769878952,52.27495875732054,27.339479058507173,43.66727295289727,55.84524051837435,98.63427584471418,S0889,B
61.087035805829075,49.855477291217206,53.829889847409284,58.49611988516213,56.35967750711738,46.49221794398446,49.032398968131105,47.31860860758237,94.73152729760992,S0890,D
58.204821811973645,55.462842480037,51.41257140087463,56.928575842374364,41.77923988172073,47.722803851642475,60.108397350203134,51.66637895311838,93.95461215834948,S0891,A
55.07274031107298,50.064222698109376,28.694335201927995,55.82571318808805,37.80715533477806,57.15493096769485,85.29055187570484,60.599501697623765,110.61734324134298,S0892,C
60.666746895891535,45.63614109473431,57.682072166317376,42.00059493298066,44.30550225507889,36.00921571815525,37.555135501111344,38.058133485881555,81.28337540418869,S0893,E
61.692955904456724,48.90390196074169,52.15396505456288,30.919978628766923,48.75978612610003,34.7971320775939,54.4982721372651,39.87355558556911,78.4821234255148,S0894,B
63.82158991037527,49.11637040794665,55.0826863967459,46.06947242938599,39.35779993182651,54.509626347764765,42.92447714705894,30.645700402861937,77.53609898249245,S0895,A
56.48709887589643,46.29988970117872,89.26237706436326,60.0163182520856,49.90155191349617,60.06730071227065,44.61209695423289,44.50841058236224,140.91309095354308,S0896,D
48.328819196831454,47.41203937332897,29.158870605014116,63.93454527524432,33.114948119315,34.28847648882117,42.7978797899321,63.304323443788164,110.6068580334116,S0897,D
51.46713686433323,65.98647170504717,67.24696649761108,57.10549102297785,38.79952577530128,60.81514086299741,38.743450321994146,48.7941281152653,106.0898440336029,S0898,A
62.06508966508357,55.60919447941239,47.12552480599644,54.29340822801734,56.70911248276875,50.375418414868214,49.58708638215339,36.59875104345214,78.84970659413136,S0899,B
41.83064329012764,47.045196819708394,52.873289044030095,53.79639648385965,56.037905202778944,60.91805339074646,35.254973129517644,45.14321255424953,112.46684601349656,S0900,E
53.686733088729014,56.969544045107355,49.54487754698758,44.43881253239219,46.08123234613134,49.29779638482383,59.468075665118704,35.12138296509377,97.66857307093343,S0901,B
46.06661187672639,46.6618051024399,45.757636666019565,48.6993970644638,39.82235690923047,24.777220825120494,50.550029360333745,38.74813898268838,104.283378822635,S0902,C
50.28744822934817,61.73124637586641,44.30167071761241,66.6906952582633,39.72596448473989,48.48032617683961,54.2243497290144,53.888189102637135,80.46759368272888,S0903,B
62.78451862607299,53.69642192198094,53.29508735573009,40.574419942081235,46.26731754058686,60.6014381867127,45.33811388053777,38.26126673693971,103.20537714835153,S0904,C
51.910990680199035,48.92697855995771,34.82826303328321,66.14778790709852,56.44518491645292,41.06253980916286,46.327960657882514,61.12634305203302,91.52332923587034,S0905,D
50.46436548156149,54.477169258102776,57.50579167521766,46.77971845507942,59.28245691344325,46.12035031092548,52.87563905167328,49.28879709169664,84.68777685939625,S0906,C
36.40143859020081,34.291238479315005,45.83805595114746,63.25432109095078,45.03468264518031,48.23866496449022,38.35949367594175,50.855947039445255,114.68212671614498,S0907,E
57.46253566027221,38.73232531090195,38.69930660959642,35.93184990502462,38.46507574015216,21.00486120131518,46.42009565586664,47.21627032392106,69.24584382939994,S0908,A
56.45484181141075,38.060749936009444,45.49987142004186,55.859042011646494,52.678436378663335,66.71347575437477,41.40386486121546,57.72847838543723,111.29552528628301,S0909,C
71.6325472330546,51.429430947637066,62.571492168625724,42.63229864052378,41.764650293741504,40.98624320102826,41.094311894089856,57.831598877770105,113.68972267105993,S0910,B
46.92221765046999,67.32514999485092,44.64664912983777,35.847328080758125,44.817473611387975,55.05735432472799,28.901617593743584,53.350543519121715,82.4071264889752,S0911,C
52.19150327663939,72.31300146192632,53.5845361820962,52.185340424109455,63.252760904370376,49.132988638517915,63.393265894799995,55.64789105907648,83.59343077735065,S0912,D
52.49383683710755,56.380511014407574,42.69043724284526,60.09471788595969,58.27115428565768,62.5761905635936,43.13461246846231,47.87910330079574,95.53948637467195,S0913,C
65.77453279763475,55.00844474944457,57.5792184992362,41.550585614065035,51.579743122514515,54.06056122428081,61.633760551635504,55.42203006909048,105.64072420924441,S0914,E
49.047044676130476,31.98942265847261,56.85507738790204,35.00984039541599,37.280809988872775,47.65075728479025,60.68792321394292,46.62122224526193,96.94290016371549,S0915,C
52.790215257703395,44.57326200265978,68.48608833296412,49.08155235665045,52.11396567470659,41.0648490748072,37.14000293483507,50.02231622162402,108.67124920383759,S0916,E
56.078965097165394,42.12216248091761,48.244360545007844,49.12564671222819,60.626572907875264,57.978507013821385,39.11588764327154,47.253562506337026,135.25959305074798,S0917,B
51.86609123156358,43.79152401748884,56.686548047579066,55.483196275544984,46.24366334234465,31.26558696045383,75.60502959355684,45.42781460680804,89.84566461700572,S0918,D
45.535663854494715,48.318561814152105,50.98067539538945,59.495945713644886,63.51114089986715,56.45890420275892,67.50925941927143,43.1088820227821,65.6964005859316,S0919,A
51.94089992898308,45.27909422302873,62.95871781863014,49.40584818727506,62.92745289518207,39.00955248445128,49.68481486671896,54.67690103858885,116.51847166061306,S0920,B
60.73631749859772,30.207001896242122,42.8116761239127,68.55503314794262,66.63732832143474,62.5228366195664,52.573731064173494,63.10605912813463,133.6662915185506,S0921,B
39.7348470058894,57.47910256117534,57.45005312877281,52.24234744535292,53.05243126531353,51.61299542662695,43.691535970528115,61.711019716695596,107.8553672610225,S0922,A
51.32969674146876,39.27256974260193,48.053027038833186,46.535734939931004,55.873916998060125,56.44123767850109,54.3235271420034,37.43434664054565,78.24502649292664,S0923,C
42.99879185060827,52.39246864111149,49.358118228915025,33.88432640897172,64.1418728833109,50.819888138247194,42.82818099277529,62.892030514068736,97.52215273529598,S0924,C
61.950466289248425,70.74082669749973,50.91752484448373,47.37340479683832,54.473939370689756,32.47622904859003,29.676462357016153,46.81841498382071,77.62953031576735,S0925,C
34.76813095216225,40.80615408413577,52.52240396426677,46.63613054588864,44.98765892209787,41.39270836604662,36.78444213488949,56.00733015145592,112.85710987925896,S0926,D
44.410781527284115,24.697124772536704,48.83770956878042,59.6030479628147,45.514571634721385,56.72389337611382,50.21092747850587,40.937846679527894,72.97419194603131,S0927,B
53.772118750645205,47.139957781198895,52.147131831705266,54.62483624066854,52.38554953773739,51.66655817359844,38.68932764497412,51.41979913874005,93.997424263436,S0928,E
65.65524029234341,61.00959634998571,65.78118057562185,38.206308783673826,37.09438578053781,61.809899053056725,49.32722535086465,53.13723182896907,79.91324347412187,S0929,A
49.34249738927012,69.58347454220593,59.85449685615218,51.72254386411038,48.56741084635807,54.03274563037172,39.25338960567137,35.15395208080347,102.53649370269923,S0930,B
44.44800473306802,37.70450405547583,58.69154592496896,56.71531171729053,60.96547118230254,40.3329810929734,42.176460774980065,56.08267166344189,92.67316645724485,S0931,C
68.8115706944059,54.966992232365214,45.444604739761296,65.28031359387833,28.087461488347188,42.03935862279366,58.531653064131916,63.45935007838315,103.53524206500528,S0932,A
35.51986099583756,45.34689543219947,41.10759171771676,58.875039674140595,65.34482101794515,51.02917390523237,52.474805476401045,48.25352054318372,100.44701109932731,S0933,E
28.011940433799182,48.94051645695864,59.55300558237753,57.60846654311478,61.2237421870316,26.859559339998945,49.90335578686653,63.60168130828013,80.2668194455178,S0934,B
54.40014450053332,76.44343347017035,58.760467925297945,50.60085994615164,45.40235384169524,66.73441885622985,58.78963973070651,48.103065065475924,112.53754127058043,S0935,B
44.97945775647389,34.970296716048466,64.72670675750982,53.883120054234496,55.43390827871809,54.41746736377557,54.806085933473476,58.49584531046617,99.0246869631377,S0936,D
39.787671828692865,52.537396614945735,43.9601937403077,62.49504900706159,50.03147726906327,62.27034597048872,64.46563291251367,27.814300340489005,80.22941984268199,S0937,B
57.08356447299353,54.676931717654334,47.70451344639653,36.6722260252035,62.299903684386834,34.19396059190831,45.401407376848596,74.18777779313464,144.81853112411585,S0938,B
52.43800713771199,60.857863249393475,33.605158374745656,46.50560672783044,59.82683142769941,62.445651603552555,45.70365021472492,64.95458245242958,109.52860333434249,S0939,E
44.359213692632714,50.97983153470896,46.07528893939127,42.27431251243759,35.99929276816991,72.31498911027748,36.98890733608655,47.15374495746321,96.93478893201389,S0940,E
37.19695601329106,53.08050539504102,59.96570510579447,53.79153118726124,55.87262413464177,36.79121644622683,45.7101928262758,30.27910973356182,128.30409053403648,S0941,A
58.724573282801444,46.08351432578209,45.33504620771802,62.302221756507876,47.94372146356752,57.71401794903767,59.64769894302446,52.88028368305489,136.83631218773215,S0942,C
56.50201177958661,52.69126941245107,56.40479795200824,44.03025713278926,50.828325705181,50.01109944687293,62.99987372262134,35.56074452926243,97.09301155372229,S0943,E
49.00824136220617,46.5680772450259,48.094968940021886,26.09695632530562,42.71828099030184,34.55566151751756,59.60305168086668,54.44853537557488,106.94794972869524,S0944,A
68.46636996047665,56.21571889856051,53.24057028221561,45.8777925497553,67.48137069120835,54.928839718518695,32.05808133450564,54.11565719164282,80.23994363994117,S0945,B
39.29915233673847,46.30389663956366,38.523086101843326,59.13473732017407,60.40061819902576,58.33603204837348,60.831452126607346,40.58596830997975,97.05614498463977,S0946,A
34.74474829075261,53.77100393902187,50.852094496339014,55.376299029498796,42.60228836027033,43.98873447331153,31.614813767279294,61.20967023614378,96.01874892480261,S0947,A
43.080919301187556,49.707371863150215,20.088640290992767,54.281862478105765,36.653893930897674,61.65916520255223,58.98117324122347,58.05574702806173,103.69654067243307,S0948,A
49.54413983644502,61.26050250772168,48.13103841838015,47.200066981255205,46.14327369022152,33.33236593210802,46.32215473428945,59.758233372885634,106.6552095727402,S0949,A
52.43339449322692,49.48606276411514,33.6952675628486,37.209692637802135,54.34502646091306,35.052438535503555,57.02533313933856,50.08857703668895,111.1965689765612,S0950,E
47.5876394214367,32.26967531793119,62.059945165468164,55.15294321624467,52.40205843946223,51.365973955887526,36.67551652105434,35.844759330862935,104.75285312599918,S0951,C
53.520553965142966,62.619215007139914,57.774073527645115,41.65718189965375,62.53132824768244,50.25385277972272,61.71167632706147,59.778722722111375,75.7851474674167,S0952,A
37.48460575809556,40.94267699137381,54.66670981966081,71.84096733380457,57.89919722180852,42.834265115758946,35.35025253895111,47.296286008642085,81.2306578851783,S0953,D
64.4376460407326,43.4623366135118,65.2100622715938,55.70507208354516,59.695690257529066,58.09594435971886,43.315450891468224,36.102198568073305,89.07184761072654,S0954,B
49.178488216074314,44.04338705956508,40.51083479175163,44.19351697446049,53.268554006104374,55.30894314215949,40.01905372230965,63.52039365974326,94.35518816153542,S0955,B
61.172958315881274,63.74438093170817,67.47363197915558,43.88614752611372,36.1070126978901,58.581390709340155,32.457151471775006,70.9940752050251,121.01548580944227,S0956,B
53.42725346377704,28.643257860213044,59.32191564260385,49.070557933864116,48.04301468853099,48.76863564647732,50.94527567588468,49.587518710207966,76.74122026294174,S0957,B
54.567532191537836,81.37748533659993,47.63444712781054,47.6049807797825,60.600897399086655,56.02580267978341,68.06089117836962,71.59121154603292,92.851699036586,S0958,B
55.69767280232204,60.56056809066052,61.35620147182944,61.16833775529955,49.48477071475354,45.54349696970006,76.66905222320008,50.9131472861135,119.060189964281,S0959,A
54.47708560017315,52.2323891412916,38.93706487588366,51.864161697440466,55.030903686237465,70.53818690086595,50.971557870862476,46.19544095833649,94.00245051006776,S0960,C
56.42722759867544,49.451059993837134,41.75485838472326,42.683682610914715,46.81251684753867,41.87454229878014,61.16681275067522,43.69541545814523,109.20831299685648,S0961,D
63.29152530132431,52.85554074857657,43.914102767603,68.90440685155782,39.70188151458155,71.05297429458312,52.320946379285374,66.37082407992742,97.20915914144193,S0962,E
51.9652116970147,55.211224283793385,44.71022291935985,50.49308331520223,48.766559359538896,50.34887947089408,54.98883194768213,42.198561186122284,105.13566514649446,S0963,D
57.09003757588512,56.45215585950057,39.43442357239747,57.68839675968897,53.09047443032654,36.24489110431257,46.57851348872761,57.35269309974987,95.43054912380919,S0964,E
49.102643057127736,55.55604466003449,62.23083067095325,43.91773492555241,43.44312280538556,63.68079350488601,51.950769254226024,44.408361649407915,113.34130945456708,S0965,E
64.40117215449473,50.895806812552486,47.41145599630168,53.631156277445236,47.64288755143332,51.25901388394959,55.374787046064284,45.396932374256366,69.0988718518713,S0966,D
43.2360769794073,48.02661579692674,53.525049683568795,53.11109991143195,40.605367580140175,58.51124098380238,44.215402711236685,60.30249693969567,92.7337598322291,S0967,A
68.00940432910815,48.487267163464885,44.29648633586319,31.103507079038472,61.19244917564096,62.238559185425935,49.22505700107012,46.19963153710646,105.93145353388616,S0968,B
49.59842049355657,48.05091719647319,31.79396699451483,70.15275110460641,47.05544242411966,53.37955554145025,49.41569881002512,45.95204620579707,110.67390496012386,S0969,A
35.69224897881952,61.337700968670646,52.70057358391422,62.906444609225474,64.52755545126183,44.077591551871855,58.26403317330525,61.32804697174807,129.85905245507655,S0970,B
51.28104414910789,55.935567222808615,30.87745024580223,46.02804683854012,65.28747850540908,59.7571337766925,39.339678283723195,65.97397293221623,92.17950666268847,S0971,C
43.18948342525119,20.596113653357197,49.31365953914531,38.977302595441444,49.189540352782565,50.007555074545955,49.48457791392349,56.446898032842334,129.58963523721746,S0972,E
58.406435489887244,56.55900776529761,36.3168496116719,53.47561613803552,39.915512674526504,56.85857818608419,69.12005469052697,43.452302243760506,86.81952346680659,S0973,D
43.47376020697609,51.94736194718775,69.87275999230808,50.86697699414397,29.141021222666627,28.462694262085385,61.640601525859374,44.893915007024205,126.57292823089287,S0974,C
45.538165667852205,49.81291243554102,59.113627221747215,53.55668948563229,35.279629269732084,54.46981717009852,63.49179048888705,50.799152637400375,116.34934253396744,S0975,B
31.104592690544692,46.11481546911114,51.05753791271481,51.91577396194089,36.2616517510134,43.6141417485497,50.24431840178034,53.209300619256574,81.73082840735555,S0976,A
45.47693680750923,61.24112719986013,62.63706677654669,55.06240989305926,63.784696274615044,66.5330963717853,53.20997563686023,40.121340898602284,106.14078474503644,S0977,D
25.761206733710434,59.475264621228575,41.536840225342644,64.47305699391806,51.15824587226946,56.23087347889095,60.02236166702925,57.230379395798636,98.97528328935617,S0978,E
34.16097176514277,42.27122332176391,55.43479378670093,55.681032051286465,53.896045240919875,52.398577458492966,65.60255529530932,50.85513329639599,112.51169187350001,S0979,C
57.604146561442974,54.07052287124535,51.99810433718714,39.50344501090059,27.79578991064874,54.86309993350221,30.483970871171135,32.84291681361871,95.53456823133381,S0980,E
57.85800158650832,40.28343265458714,52.6402008133367,63.62562852712452,38.020335707827385,40.01559147123282,36.84558692950154,40.7107351753927,93.85507548676537,S0981,B
54.254575617849646,36.203818352110694,62.723535001067674,66.40614563488288,58.87079776446287,66.23256690528054,63.09444101402648,44.95871326348336,127.38189165525702,S0982,E
40.33023856870787,43.73282775410035,57.32492102779802,81.52056734512085,52.867741123825866,69.91370418416905,47.23110644231196,49.27142311158945,98.02558211088655,S0983,A
49.5228864385802,58.62393472382759,52.887236628250236,38.76505966760402,48.527947213144024,53.92913510548216,43.282792107419226,68.89278795503996,116.52844648383532,S0984,C
49.963974609094315,59.53125045376087,33.45112563771704,52.42882013150275,55.64842358600123,65.90403568573639,37.45839013004396,52.38171306139628,95.49297029911601,S0985,C
38.416353108074574,55.130854200972934,40.399537047205364,29.17901296811013,66.35797806135815,44.308518013274664,44.44983298455891,41.592281101013754,133.33326518455047,S0986,A
65.0339830176715,57.25095786847997,48.77291066404276,55.53149156379209,47.78957536462949,42.02886433775019,35.97630716576175,52.20630804307163,86.43330741329014,S0987,E
58.77362290575671,55.16178287114958,50.93372374276651,44.517997018332274,50.69369802658069,50.40924748728923,70.91094272732477,46.47912252546119,87.7171293750563,S0988,A
47.79035826170336,43.585184047770476,38.69796275326076,69.23445794824953,51.92596918731305,54.349410383678986,49.775639480194265,53.24758239533542,130.49034362231805,S0989,D
50.26885838994531,54.31922544673941,74.11676675578421,42.25385029981418,73.92109635273992,46.060133187568795,49.420494582372825,55.80567687035615,91.10107218209494,S0990,A
52.08382807947552,58.00409525227683,65.16394055253573,33.10816962032739,29.006437355809744,55.37768190368484,55.880766751678316,62.09230647223938,132.02148612328784,S0991,E
29.582651315757094,57.542913298135744,56.021183203924835,45.2873625929748,56.83223014788808,53.06389482073414,59.6234516926657,49.75713504329974,117.83681159189626,S0992,A
47.52822617479403,61.88913371474643,50.72036861283745,30.245122287828625,48.85197751240936,40.01693224708945,59.45888156554639,66.38960527599833,96.90700586878333,S0993,B
43.180157520022014,57.083038472010635,47.87791030098848,57.5109945450731,55.667717261841794,55.18793017451721,60.73621943907572,59.08022662536192,63.73413055965683,S0994,A
39.983799901050844,53.51448207541583,40.48081539977764,29.349169537436794,43.42627446005275,58.63528242521521,43.69154449209144,42.92560455187812,99.61363391456328,S0995,A
47.18899707114045,60.701502383164275,50.774805185188626,50.28457581183159,49.5103496914155,51.71469317590391,47.02133195043139,72.09855665748464,102.03260107066849,S0996,E
67.97686526849523,49.7347874075094,52.57752540142751,29.22188180143803,57.114105794654954,61.52648103261693,57.69031655442276,53.269945132700975,123.34435466608745,S0997,D
56.4084286126701,41.18125348772282,37.58239424518376,46.79702195463358,81.1291020104384,37.82596206503048,44.7261093836038,41.64875496027765,131.76894352480224,S0998,D
44.28821010217203,48.36933036056236,53.341764172448976,66.43378155804534,58.08036189402071,54.67950422131852,49.94893367972775,66.52913051230422,86.30025641712504,S0999,E
55.72582781356159,42.55097355193551,48.44740951175251,53.60647891435795,41.51934401969491,38.29719293603225,53.987637644248146,70.77777585198444,116.02363527976365,S1000,E
